BorrowerID,FirstName,LastName,BookID,BookTitle,DateBorrowed,DueDate
4,Shannan,Ussher,777,Duis aliquam convallis nunc. Proin at turpis a pede posuere nonummy. Integer non velit.,00:00.0,00:00.0
7,Putnem,Deddum,612,In hac habitasse platea dictumst. Etiam faucibus cursus urna. Ut tellus. Nulla ut erat id mauris vulputate elementum. Nullam varius.,00:00.0,00:00.0
7,Putnem,Deddum,575,"Nunc rhoncus dui vel sem. Sed sagittis. Nam congue, risus semper porta volutpat, quam pede lobortis ligula, sit amet eleifend pede libero quis orci. Nullam molestie nibh in lectus. Pellentesque at nulla.",00:00.0,00:00.0
7,Putnem,Deddum,10,"In blandit ultrices enim. Lorem ipsum dolor sit amet, consectetuer adipiscing elit. Proin interdum mauris non ligula pellentesque ultrices.",00:00.0,00:00.0
8,Jacky,Eastop,419,Nulla tempus. Vivamus in felis eu sapien cursus vestibulum. Proin eu mi. Nulla ac enim.,00:00.0,00:00.0
9,Niccolo,Golson,107,"Nulla ac enim. In tempor, turpis nec euismod scelerisque, quam turpis adipiscing lorem, vitae mattis nibh ligula nec sem.",00:00.0,00:00.0
9,Niccolo,Golson,928,Quisque id justo sit amet sapien dignissim vestibulum. Vestibulum ante ipsum primis in faucibus orci luctus et ultrices posuere cubilia Curae; Nulla dapibus dolor vel est.,00:00.0,00:00.0
10,Yard,Epinoy,448,"Cras mi pede, malesuada in, imperdiet et, commodo vulputate, justo. In blandit ultrices enim. Lorem ipsum dolor sit amet, consectetuer adipiscing elit.",00:00.0,00:00.0
10,Yard,Epinoy,960,"Quisque ut erat. Curabitur gravida nisi at nibh. In hac habitasse platea dictumst. Aliquam augue quam, sollicitudin vitae, consectetuer eget, rutrum at, lorem. Integer tincidunt ante vel ipsum.",00:00.0,00:00.0
10,Yard,Epinoy,856,Praesent blandit lacinia erat. Vestibulum sed magna at nunc commodo placerat. Praesent blandit. Nam nulla.,00:00.0,00:00.0
11,Simonne,Arsmith,133,"Aliquam augue quam, sollicitudin vitae, consectetuer eget, rutrum at, lorem. Integer tincidunt ante vel ipsum. Praesent blandit lacinia erat. Vestibulum sed magna at nunc commodo placerat. Praesent blandit.",00:00.0,00:00.0
12,Alfonse,Bachmann,259,Nam dui.,00:00.0,00:00.0
13,Aundrea,Realph,121,Nulla justo. Aliquam quis turpis eget elit sodales scelerisque.,00:00.0,00:00.0
13,Aundrea,Realph,406,Proin eu mi.,00:00.0,00:00.0
15,Berthe,Flintoffe,627,Aliquam quis turpis eget elit sodales scelerisque. Mauris sit amet eros. Suspendisse accumsan tortor quis turpis. Sed ante.,00:00.0,00:00.0
15,Berthe,Flintoffe,227,"Nulla tellus. In sagittis dui vel nisl. Duis ac nibh. Fusce lacus purus, aliquet at, feugiat non, pretium quis, lectus.",00:00.0,00:00.0
18,Devonna,Happert,449,"Proin interdum mauris non ligula pellentesque ultrices. Phasellus id sapien in sapien iaculis congue. Vivamus metus arcu, adipiscing molestie, hendrerit at, vulputate vitae, nisl. Aenean lectus. Pellentesque eget nunc.",00:00.0,00:00.0
18,Devonna,Happert,394,"Nam congue, risus semper porta volutpat, quam pede lobortis ligula, sit amet eleifend pede libero quis orci. Nullam molestie nibh in lectus.",00:00.0,00:00.0
19,Curran,Novotna,848,Sed ante. Vivamus tortor. Duis mattis egestas metus. Aenean fermentum. Donec ut mauris eget massa tempor convallis.,00:00.0,00:00.0
20,Haleigh,Gremane,348,Vivamus vestibulum sagittis sapien.,00:00.0,00:00.0
20,Haleigh,Gremane,813,"Praesent blandit. Nam nulla. Integer pede justo, lacinia eget, tincidunt eget, tempus vel, pede.",00:00.0,00:00.0
20,Haleigh,Gremane,947,"In hac habitasse platea dictumst. Aliquam augue quam, sollicitudin vitae, consectetuer eget, rutrum at, lorem. Integer tincidunt ante vel ipsum. Praesent blandit lacinia erat. Vestibulum sed magna at nunc commodo placerat.",00:00.0,00:00.0
21,Baryram,Abele,982,Vestibulum sed magna at nunc commodo placerat. Praesent blandit.,00:00.0,00:00.0
23,Felic,Stansbury,180,"Duis at velit eu est congue elementum. In hac habitasse platea dictumst. Morbi vestibulum, velit id pretium iaculis, diam erat fermentum justo, nec condimentum neque sapien placerat ante.",00:00.0,00:00.0
24,Myca,Kerford,184,"In sagittis dui vel nisl. Duis ac nibh. Fusce lacus purus, aliquet at, feugiat non, pretium quis, lectus. Suspendisse potenti. In eleifend quam a odio.",00:00.0,00:00.0
25,Ervin,Francisco,557,"Nam nulla. Integer pede justo, lacinia eget, tincidunt eget, tempus vel, pede. Morbi porttitor lorem id ligula. Suspendisse ornare consequat lectus.",00:00.0,00:00.0
28,Lanae,Pirson,61,Curabitur gravida nisi at nibh. In hac habitasse platea dictumst.,00:00.0,00:00.0
28,Lanae,Pirson,361,Aenean lectus.,00:00.0,00:00.0
30,Roby,Mara,108,Aenean lectus. Pellentesque eget nunc. Donec quis orci eget orci vehicula condimentum. Curabitur in libero ut massa volutpat convallis.,00:00.0,00:00.0
30,Roby,Mara,460,Sed sagittis.,00:00.0,00:00.0
34,Sheena,Ollivierre,712,"Cras pellentesque volutpat dui. Maecenas tristique, est et tempus semper, est quam pharetra magna, ac consequat metus sapien ut nunc.",00:00.0,00:00.0
36,Tommi,d'Arcy,978,Etiam faucibus cursus urna. Ut tellus. Nulla ut erat id mauris vulputate elementum. Nullam varius. Nulla facilisi.,00:00.0,00:00.0
37,Jefferson,Di Giacomettino,306,Cras pellentesque volutpat dui.,00:00.0,00:00.0
41,Waverley,Southall,554,In hac habitasse platea dictumst. Etiam faucibus cursus urna. Ut tellus. Nulla ut erat id mauris vulputate elementum. Nullam varius.,00:00.0,00:00.0
42,Alphonso,Storrier,458,"Fusce lacus purus, aliquet at, feugiat non, pretium quis, lectus. Suspendisse potenti.",00:00.0,00:00.0
43,Morganne,Screas,841,Nulla tellus. In sagittis dui vel nisl. Duis ac nibh.,00:00.0,00:00.0
43,Morganne,Screas,678,Duis mattis egestas metus.,00:00.0,00:00.0
44,Kynthia,Barriball,760,"Vestibulum quam sapien, varius ut, blandit non, interdum in, ante. Vestibulum ante ipsum primis in faucibus orci luctus et ultrices posuere cubilia Curae; Duis faucibus accumsan odio. Curabitur convallis.",00:00.0,00:00.0
44,Kynthia,Barriball,348,Vivamus vestibulum sagittis sapien.,00:00.0,00:00.0
45,Konstantin,Karoly,328,Etiam justo. Etiam pretium iaculis justo. In hac habitasse platea dictumst.,00:00.0,00:00.0
47,Larissa,Gateley,853,"Vivamus metus arcu, adipiscing molestie, hendrerit at, vulputate vitae, nisl.",00:00.0,00:00.0
48,Cletus,Nowak,92,Vivamus vel nulla eget eros elementum pellentesque. Quisque porta volutpat erat.,00:00.0,00:00.0
49,Hephzibah,Winchcomb,709,"Vivamus vel nulla eget eros elementum pellentesque. Quisque porta volutpat erat. Quisque erat eros, viverra eget, congue eget, semper rutrum, nulla. Nunc purus.",00:00.0,00:00.0
52,Kori,Bould,991,Cras in purus eu magna vulputate luctus.,00:00.0,00:00.0
52,Kori,Bould,597,"Donec vitae nisi. Nam ultrices, libero non mattis pulvinar, nulla pede ullamcorper augue, a suscipit nulla elit ac nulla. Sed vel enim sit amet nunc viverra dapibus. Nulla suscipit ligula in lacus. Curabitur at ipsum ac tellus semper interdum.",00:00.0,00:00.0
53,Carver,Navarre,673,"Sed sagittis. Nam congue, risus semper porta volutpat, quam pede lobortis ligula, sit amet eleifend pede libero quis orci. Nullam molestie nibh in lectus. Pellentesque at nulla.",00:00.0,00:00.0
53,Carver,Navarre,59,"Proin at turpis a pede posuere nonummy. Integer non velit. Donec diam neque, vestibulum eget, vulputate ut, ultrices vel, augue.",00:00.0,00:00.0
54,Jerry,Congreave,15,Ut at dolor quis odio consequat varius.,00:00.0,00:00.0
55,Theresa,Lukianovich,199,"Fusce posuere felis sed lacus. Morbi sem mauris, laoreet ut, rhoncus aliquet, pulvinar sed, nisl.",00:00.0,00:00.0
57,Augustine,Tempest,801,"Maecenas tincidunt lacus at velit. Vivamus vel nulla eget eros elementum pellentesque. Quisque porta volutpat erat. Quisque erat eros, viverra eget, congue eget, semper rutrum, nulla. Nunc purus.",00:00.0,00:00.0
58,Gasper,De Maine,402,In hac habitasse platea dictumst. Etiam faucibus cursus urna. Ut tellus. Nulla ut erat id mauris vulputate elementum. Nullam varius.,00:00.0,00:00.0
59,Brok,Cappell,497,"Fusce posuere felis sed lacus. Morbi sem mauris, laoreet ut, rhoncus aliquet, pulvinar sed, nisl. Nunc rhoncus dui vel sem. Sed sagittis. Nam congue, risus semper porta volutpat, quam pede lobortis ligula, sit amet eleifend pede libero quis orci.",00:00.0,00:00.0
60,Lorianna,Goodswen,209,"Morbi sem mauris, laoreet ut, rhoncus aliquet, pulvinar sed, nisl. Nunc rhoncus dui vel sem. Sed sagittis.",00:00.0,00:00.0
63,Eva,Dummigan,926,In hac habitasse platea dictumst.,00:00.0,00:00.0
64,Rufe,Steggals,542,"Maecenas rhoncus aliquam lacus. Morbi quis tortor id nulla ultrices aliquet. Maecenas leo odio, condimentum id, luctus nec, molestie sed, justo. Pellentesque viverra pede ac diam.",00:00.0,00:00.0
64,Rufe,Steggals,322,Aenean lectus. Pellentesque eget nunc. Donec quis orci eget orci vehicula condimentum. Curabitur in libero ut massa volutpat convallis.,00:00.0,00:00.0
65,Saxe,Sywell,384,"Morbi vestibulum, velit id pretium iaculis, diam erat fermentum justo, nec condimentum neque sapien placerat ante. Nulla justo.",00:00.0,00:00.0
67,Mitchell,Danick,148,Integer a nibh. In quis justo.,00:00.0,00:00.0
67,Mitchell,Danick,971,Vivamus tortor. Duis mattis egestas metus.,00:00.0,00:00.0
68,Katleen,Bedburrow,300,Maecenas ut massa quis augue luctus tincidunt. Nulla mollis molestie lorem. Quisque ut erat.,00:00.0,00:00.0
72,Wolf,Hathaway,183,"Maecenas tristique, est et tempus semper, est quam pharetra magna, ac consequat metus sapien ut nunc. Vestibulum ante ipsum primis in faucibus orci luctus et ultrices posuere cubilia Curae; Mauris viverra diam vitae quam.",00:00.0,00:00.0
73,Derek,Bartozzi,820,"Morbi porttitor lorem id ligula. Suspendisse ornare consequat lectus. In est risus, auctor sed, tristique in, tempus sit amet, sem. Fusce consequat. Nulla nisl.",00:00.0,00:00.0
73,Derek,Bartozzi,299,Praesent blandit lacinia erat. Vestibulum sed magna at nunc commodo placerat.,00:00.0,00:00.0
74,Bernadine,Duddle,338,"Vivamus vel nulla eget eros elementum pellentesque. Quisque porta volutpat erat. Quisque erat eros, viverra eget, congue eget, semper rutrum, nulla. Nunc purus.",00:00.0,00:00.0
74,Bernadine,Duddle,637,Curabitur in libero ut massa volutpat convallis.,00:00.0,00:00.0
78,Angela,De Clairmont,598,"Morbi odio odio, elementum eu, interdum eu, tincidunt in, leo.",00:00.0,00:00.0
78,Angela,De Clairmont,562,Phasellus sit amet erat. Nulla tempus.,00:00.0,00:00.0
81,Giffard,Shortin,343,"Donec ut dolor. Morbi vel lectus in quam fringilla rhoncus. Mauris enim leo, rhoncus sed, vestibulum sit amet, cursus id, turpis.",00:00.0,00:00.0
83,Pollyanna,Lewins,88,"Morbi quis tortor id nulla ultrices aliquet. Maecenas leo odio, condimentum id, luctus nec, molestie sed, justo. Pellentesque viverra pede ac diam. Cras pellentesque volutpat dui. Maecenas tristique, est et tempus semper, est quam pharetra magna, ac consequat metus sapien ut nunc.",00:00.0,00:00.0
84,Pepi,Stoddard,80,Curabitur convallis. Duis consequat dui nec nisi volutpat eleifend. Donec ut dolor.,00:00.0,00:00.0
85,Bobbette,Couche,857,"Morbi quis tortor id nulla ultrices aliquet. Maecenas leo odio, condimentum id, luctus nec, molestie sed, justo. Pellentesque viverra pede ac diam.",00:00.0,00:00.0
86,Stormi,Kleinbaum,598,"Morbi odio odio, elementum eu, interdum eu, tincidunt in, leo.",00:00.0,00:00.0
86,Stormi,Kleinbaum,731,"Curabitur in libero ut massa volutpat convallis. Morbi odio odio, elementum eu, interdum eu, tincidunt in, leo. Maecenas pulvinar lobortis est. Phasellus sit amet erat. Nulla tempus.",00:00.0,00:00.0
89,Doralyn,Sidebotham,776,"In est risus, auctor sed, tristique in, tempus sit amet, sem. Fusce consequat. Nulla nisl. Nunc nisl.",00:00.0,00:00.0
89,Doralyn,Sidebotham,413,"Curabitur at ipsum ac tellus semper interdum. Mauris ullamcorper purus sit amet nulla. Quisque arcu libero, rutrum ac, lobortis vel, dapibus at, diam. Nam tristique tortor eu pede.",00:00.0,00:00.0
89,Doralyn,Sidebotham,579,"Vestibulum ante ipsum primis in faucibus orci luctus et ultrices posuere cubilia Curae; Donec pharetra, magna vestibulum aliquet ultrices, erat tortor sollicitudin mi, sit amet lobortis sapien sapien non mi.",00:00.0,00:00.0
94,Zorah,Remmers,244,"Nam nulla. Integer pede justo, lacinia eget, tincidunt eget, tempus vel, pede. Morbi porttitor lorem id ligula.",00:00.0,00:00.0
96,Maribelle,Draisey,264,Nulla suscipit ligula in lacus.,00:00.0,00:00.0
97,Danella,Colter,427,"Duis aliquam convallis nunc. Proin at turpis a pede posuere nonummy. Integer non velit. Donec diam neque, vestibulum eget, vulputate ut, ultrices vel, augue. Vestibulum ante ipsum primis in faucibus orci luctus et ultrices posuere cubilia Curae; Donec pharetra, magna vestibulum aliquet ultrices, erat tortor sollicitudin mi, sit amet lobortis sapien sapien non mi.",00:00.0,00:00.0
97,Danella,Colter,785,In congue. Etiam justo. Etiam pretium iaculis justo.,00:00.0,00:00.0
99,Kerianne,Hairon,705,Morbi porttitor lorem id ligula.,00:00.0,00:00.0
99,Kerianne,Hairon,907,"Morbi quis tortor id nulla ultrices aliquet. Maecenas leo odio, condimentum id, luctus nec, molestie sed, justo. Pellentesque viverra pede ac diam.",00:00.0,00:00.0
99,Kerianne,Hairon,545,"Fusce consequat. Nulla nisl. Nunc nisl. Duis bibendum, felis sed interdum venenatis, turpis enim blandit mi, in porttitor pede justo eu massa.",00:00.0,00:00.0
104,Kore,Amott,407,Proin eu mi.,00:00.0,00:00.0
106,Leonie,Dinsdale,514,"In est risus, auctor sed, tristique in, tempus sit amet, sem. Fusce consequat. Nulla nisl. Nunc nisl. Duis bibendum, felis sed interdum venenatis, turpis enim blandit mi, in porttitor pede justo eu massa.",00:00.0,00:00.0
108,Emmeline,Freire,129,In congue.,00:00.0,00:00.0
110,Heath,Mackstead,602,"Fusce congue, diam id ornare imperdiet, sapien urna pretium nisl, ut volutpat sapien arcu sed augue. Aliquam erat volutpat.",00:00.0,00:00.0
110,Heath,Mackstead,857,"Morbi quis tortor id nulla ultrices aliquet. Maecenas leo odio, condimentum id, luctus nec, molestie sed, justo. Pellentesque viverra pede ac diam.",00:00.0,00:00.0
111,Clovis,Scud,536,"Nunc nisl. Duis bibendum, felis sed interdum venenatis, turpis enim blandit mi, in porttitor pede justo eu massa. Donec dapibus. Duis at velit eu est congue elementum.",00:00.0,00:00.0
112,Egbert,Popworth,298,Nullam varius. Nulla facilisi. Cras non velit nec nisi vulputate nonummy. Maecenas tincidunt lacus at velit.,00:00.0,00:00.0
115,Minerva,Measen,131,Pellentesque viverra pede ac diam. Cras pellentesque volutpat dui.,00:00.0,00:00.0
115,Minerva,Measen,656,Integer tincidunt ante vel ipsum. Praesent blandit lacinia erat. Vestibulum sed magna at nunc commodo placerat. Praesent blandit. Nam nulla.,00:00.0,00:00.0
119,Gwenore,Turfs,842,Donec ut dolor. Morbi vel lectus in quam fringilla rhoncus.,00:00.0,00:00.0
120,Gerri,Higgonet,338,"Vivamus vel nulla eget eros elementum pellentesque. Quisque porta volutpat erat. Quisque erat eros, viverra eget, congue eget, semper rutrum, nulla. Nunc purus.",00:00.0,00:00.0
124,Eydie,Cullingworth,546,"Morbi vestibulum, velit id pretium iaculis, diam erat fermentum justo, nec condimentum neque sapien placerat ante. Nulla justo. Aliquam quis turpis eget elit sodales scelerisque. Mauris sit amet eros. Suspendisse accumsan tortor quis turpis.",00:00.0,00:00.0
126,Eddi,Barlie,211,"Aliquam sit amet diam in magna bibendum imperdiet. Nullam orci pede, venenatis non, sodales sed, tincidunt eu, felis. Fusce posuere felis sed lacus. Morbi sem mauris, laoreet ut, rhoncus aliquet, pulvinar sed, nisl.",00:00.0,00:00.0
129,Emmy,Bellamy,871,Praesent id massa id nisl venenatis lacinia.,00:00.0,00:00.0
129,Emmy,Bellamy,672,Suspendisse potenti. In eleifend quam a odio. In hac habitasse platea dictumst. Maecenas ut massa quis augue luctus tincidunt.,00:00.0,00:00.0
129,Emmy,Bellamy,121,Nulla justo. Aliquam quis turpis eget elit sodales scelerisque.,00:00.0,00:00.0
133,Jammal,Krauss,617,Phasellus in felis.,00:00.0,00:00.0
135,Rene,Dahl,725,Sed accumsan felis. Ut at dolor quis odio consequat varius.,00:00.0,00:00.0
137,Brander,Ilsley,785,In congue. Etiam justo. Etiam pretium iaculis justo.,00:00.0,00:00.0
139,Aundrea,Lowrie,362,"Donec diam neque, vestibulum eget, vulputate ut, ultrices vel, augue. Vestibulum ante ipsum primis in faucibus orci luctus et ultrices posuere cubilia Curae; Donec pharetra, magna vestibulum aliquet ultrices, erat tortor sollicitudin mi, sit amet lobortis sapien sapien non mi. Integer ac neque. Duis bibendum.",00:00.0,00:00.0
142,Kippie,Titherington,441,Quisque porta volutpat erat.,00:00.0,00:00.0
143,Adriena,Hlavecek,671,"Quisque ut erat. Curabitur gravida nisi at nibh. In hac habitasse platea dictumst. Aliquam augue quam, sollicitudin vitae, consectetuer eget, rutrum at, lorem. Integer tincidunt ante vel ipsum.",00:00.0,00:00.0
147,Harlan,Alloisi,376,"Fusce congue, diam id ornare imperdiet, sapien urna pretium nisl, ut volutpat sapien arcu sed augue. Aliquam erat volutpat.",00:00.0,00:00.0
149,Drusie,Gronous,639,"Duis ac nibh. Fusce lacus purus, aliquet at, feugiat non, pretium quis, lectus.",00:00.0,00:00.0
149,Drusie,Gronous,876,Nulla tellus. In sagittis dui vel nisl. Duis ac nibh.,00:00.0,00:00.0
150,Yevette,McGettigan,470,Nulla ac enim.,00:00.0,00:00.0
151,Sancho,Taaffe,229,"Donec vitae nisi. Nam ultrices, libero non mattis pulvinar, nulla pede ullamcorper augue, a suscipit nulla elit ac nulla. Sed vel enim sit amet nunc viverra dapibus. Nulla suscipit ligula in lacus. Curabitur at ipsum ac tellus semper interdum.",00:00.0,00:00.0
151,Sancho,Taaffe,800,Ut at dolor quis odio consequat varius. Integer ac leo. Pellentesque ultrices mattis odio.,00:00.0,00:00.0
153,Flossy,Dummett,243,"Donec odio justo, sollicitudin ut, suscipit a, feugiat et, eros.",00:00.0,00:00.0
155,Janessa,Clubb,30,"Curabitur gravida nisi at nibh. In hac habitasse platea dictumst. Aliquam augue quam, sollicitudin vitae, consectetuer eget, rutrum at, lorem.",00:00.0,00:00.0
156,Willy,Henze,818,"Vestibulum ante ipsum primis in faucibus orci luctus et ultrices posuere cubilia Curae; Donec pharetra, magna vestibulum aliquet ultrices, erat tortor sollicitudin mi, sit amet lobortis sapien sapien non mi. Integer ac neque.",00:00.0,00:00.0
159,Claudio,Worman,528,Mauris lacinia sapien quis libero. Nullam sit amet turpis elementum ligula vehicula consequat.,00:00.0,00:00.0
159,Claudio,Worman,554,In hac habitasse platea dictumst. Etiam faucibus cursus urna. Ut tellus. Nulla ut erat id mauris vulputate elementum. Nullam varius.,00:00.0,00:00.0
163,Rebe,Littell,520,Donec quis orci eget orci vehicula condimentum. Curabitur in libero ut massa volutpat convallis.,00:00.0,00:00.0
164,Palmer,Barnhart,418,Duis ac nibh.,00:00.0,00:00.0
166,Hagan,Spavon,548,"Vivamus tortor. Duis mattis egestas metus. Aenean fermentum. Donec ut mauris eget massa tempor convallis. Nulla neque libero, convallis eget, eleifend luctus, ultricies eu, nibh.",00:00.0,00:00.0
166,Hagan,Spavon,636,"Maecenas tristique, est et tempus semper, est quam pharetra magna, ac consequat metus sapien ut nunc. Vestibulum ante ipsum primis in faucibus orci luctus et ultrices posuere cubilia Curae; Mauris viverra diam vitae quam. Suspendisse potenti. Nullam porttitor lacus at turpis. Donec posuere metus vitae ipsum.",00:00.0,00:00.0
166,Hagan,Spavon,96,"Donec vitae nisi. Nam ultrices, libero non mattis pulvinar, nulla pede ullamcorper augue, a suscipit nulla elit ac nulla.",00:00.0,00:00.0
170,Darin,Saban,454,Integer ac neque. Duis bibendum. Morbi non quam nec dui luctus rutrum.,00:00.0,00:00.0
170,Darin,Saban,971,Vivamus tortor. Duis mattis egestas metus.,00:00.0,00:00.0
172,Lari,Lexa,364,Vestibulum sed magna at nunc commodo placerat. Praesent blandit.,00:00.0,00:00.0
173,Pansie,Cogger,413,"Curabitur at ipsum ac tellus semper interdum. Mauris ullamcorper purus sit amet nulla. Quisque arcu libero, rutrum ac, lobortis vel, dapibus at, diam. Nam tristique tortor eu pede.",00:00.0,00:00.0
173,Pansie,Cogger,286,Cras in purus eu magna vulputate luctus.,00:00.0,00:00.0
173,Pansie,Cogger,773,"Maecenas rhoncus aliquam lacus. Morbi quis tortor id nulla ultrices aliquet. Maecenas leo odio, condimentum id, luctus nec, molestie sed, justo. Pellentesque viverra pede ac diam.",00:00.0,00:00.0
174,Horton,Whiteside,1,"In sagittis dui vel nisl. Duis ac nibh. Fusce lacus purus, aliquet at, feugiat non, pretium quis, lectus. Suspendisse potenti. In eleifend quam a odio.",00:00.0,00:00.0
177,Michelle,Malan,741,"Donec diam neque, vestibulum eget, vulputate ut, ultrices vel, augue. Vestibulum ante ipsum primis in faucibus orci luctus et ultrices posuere cubilia Curae; Donec pharetra, magna vestibulum aliquet ultrices, erat tortor sollicitudin mi, sit amet lobortis sapien sapien non mi. Integer ac neque. Duis bibendum. Morbi non quam nec dui luctus rutrum.",00:00.0,00:00.0
178,Chloe,Woan,643,"Maecenas rhoncus aliquam lacus. Morbi quis tortor id nulla ultrices aliquet. Maecenas leo odio, condimentum id, luctus nec, molestie sed, justo.",00:00.0,00:00.0
181,Howey,Wetherick,955,Aliquam quis turpis eget elit sodales scelerisque. Mauris sit amet eros.,00:00.0,00:00.0
182,Dagny,Skinner,203,Mauris lacinia sapien quis libero. Nullam sit amet turpis elementum ligula vehicula consequat. Morbi a ipsum.,00:00.0,00:00.0
182,Dagny,Skinner,536,"Nunc nisl. Duis bibendum, felis sed interdum venenatis, turpis enim blandit mi, in porttitor pede justo eu massa. Donec dapibus. Duis at velit eu est congue elementum.",00:00.0,00:00.0
184,Dacie,Peirazzi,437,Vestibulum ante ipsum primis in faucibus orci luctus et ultrices posuere cubilia Curae; Duis faucibus accumsan odio. Curabitur convallis. Duis consequat dui nec nisi volutpat eleifend. Donec ut dolor. Morbi vel lectus in quam fringilla rhoncus.,00:00.0,00:00.0
185,Harris,MacHarg,663,"Vivamus metus arcu, adipiscing molestie, hendrerit at, vulputate vitae, nisl. Aenean lectus.",00:00.0,00:00.0
187,Godfry,Warrick,759,Aenean auctor gravida sem.,00:00.0,00:00.0
188,Kacie,Speake,302,Morbi vel lectus in quam fringilla rhoncus.,00:00.0,00:00.0
188,Kacie,Speake,946,Duis bibendum. Morbi non quam nec dui luctus rutrum. Nulla tellus.,00:00.0,00:00.0
190,Gherardo,St. Quentin,883,Aenean lectus. Pellentesque eget nunc.,00:00.0,00:00.0
190,Gherardo,St. Quentin,97,"Vestibulum ante ipsum primis in faucibus orci luctus et ultrices posuere cubilia Curae; Donec pharetra, magna vestibulum aliquet ultrices, erat tortor sollicitudin mi, sit amet lobortis sapien sapien non mi.",00:00.0,00:00.0
194,Ana,Westcot,337,"Nunc nisl. Duis bibendum, felis sed interdum venenatis, turpis enim blandit mi, in porttitor pede justo eu massa.",00:00.0,00:00.0
197,Damaris,McLeary,498,"Lorem ipsum dolor sit amet, consectetuer adipiscing elit. Proin interdum mauris non ligula pellentesque ultrices. Phasellus id sapien in sapien iaculis congue.",00:00.0,00:00.0
198,Arlen,Legerton,65,Integer tincidunt ante vel ipsum. Praesent blandit lacinia erat.,00:00.0,00:00.0
200,Pauly,Enric,662,"Aenean sit amet justo. Morbi ut odio. Cras mi pede, malesuada in, imperdiet et, commodo vulputate, justo.",00:00.0,00:00.0
203,Freddie,MacCaughen,502,Duis consequat dui nec nisi volutpat eleifend.,00:00.0,00:00.0
205,Rochester,Adrain,796,Nullam porttitor lacus at turpis. Donec posuere metus vitae ipsum. Aliquam non mauris. Morbi non lectus.,00:00.0,00:00.0
206,Care,Repper,539,Vivamus in felis eu sapien cursus vestibulum. Proin eu mi.,00:00.0,00:00.0
207,Burnard,Ingarfield,254,"Aliquam augue quam, sollicitudin vitae, consectetuer eget, rutrum at, lorem. Integer tincidunt ante vel ipsum. Praesent blandit lacinia erat. Vestibulum sed magna at nunc commodo placerat. Praesent blandit.",00:00.0,00:00.0
209,Merv,Stains,969,"Nunc nisl. Duis bibendum, felis sed interdum venenatis, turpis enim blandit mi, in porttitor pede justo eu massa. Donec dapibus.",00:00.0,00:00.0
209,Merv,Stains,551,"Vestibulum quam sapien, varius ut, blandit non, interdum in, ante. Vestibulum ante ipsum primis in faucibus orci luctus et ultrices posuere cubilia Curae; Duis faucibus accumsan odio. Curabitur convallis. Duis consequat dui nec nisi volutpat eleifend. Donec ut dolor.",00:00.0,00:00.0
211,Vina,Pulster,384,"Morbi vestibulum, velit id pretium iaculis, diam erat fermentum justo, nec condimentum neque sapien placerat ante. Nulla justo.",00:00.0,00:00.0
212,Shaina,Sleet,220,"Vestibulum ante ipsum primis in faucibus orci luctus et ultrices posuere cubilia Curae; Nulla dapibus dolor vel est. Donec odio justo, sollicitudin ut, suscipit a, feugiat et, eros. Vestibulum ac est lacinia nisi venenatis tristique.",00:00.0,00:00.0
213,Kermy,Booij,318,Praesent id massa id nisl venenatis lacinia.,00:00.0,00:00.0
218,Lenette,Conre,410,"Vivamus vestibulum sagittis sapien. Cum sociis natoque penatibus et magnis dis parturient montes, nascetur ridiculus mus. Etiam vel augue. Vestibulum rutrum rutrum neque. Aenean auctor gravida sem.",00:00.0,00:00.0
218,Lenette,Conre,69,"Nullam orci pede, venenatis non, sodales sed, tincidunt eu, felis. Fusce posuere felis sed lacus.",00:00.0,00:00.0
221,Tammy,Epine,971,Vivamus tortor. Duis mattis egestas metus.,00:00.0,00:00.0
222,Chelsy,Rainer,530,Vestibulum rutrum rutrum neque. Aenean auctor gravida sem. Praesent id massa id nisl venenatis lacinia. Aenean sit amet justo. Morbi ut odio.,00:00.0,00:00.0
223,Flora,Saffran,924,Morbi non quam nec dui luctus rutrum.,00:00.0,00:00.0
225,Arabela,Millea,529,"Lorem ipsum dolor sit amet, consectetuer adipiscing elit. Proin interdum mauris non ligula pellentesque ultrices. Phasellus id sapien in sapien iaculis congue. Vivamus metus arcu, adipiscing molestie, hendrerit at, vulputate vitae, nisl.",00:00.0,00:00.0
226,Peg,Bosworth,789,"Vivamus metus arcu, adipiscing molestie, hendrerit at, vulputate vitae, nisl. Aenean lectus.",00:00.0,00:00.0
227,Cletis,Cowndley,759,Aenean auctor gravida sem.,00:00.0,00:00.0
227,Cletis,Cowndley,87,"Vestibulum ac est lacinia nisi venenatis tristique. Fusce congue, diam id ornare imperdiet, sapien urna pretium nisl, ut volutpat sapien arcu sed augue.",00:00.0,00:00.0
227,Cletis,Cowndley,240,Integer ac leo.,00:00.0,00:00.0
228,Brien,MacKeever,698,Integer ac neque. Duis bibendum. Morbi non quam nec dui luctus rutrum.,00:00.0,00:00.0
229,Cyrillus,Fridlington,49,"Maecenas tristique, est et tempus semper, est quam pharetra magna, ac consequat metus sapien ut nunc. Vestibulum ante ipsum primis in faucibus orci luctus et ultrices posuere cubilia Curae; Mauris viverra diam vitae quam. Suspendisse potenti. Nullam porttitor lacus at turpis. Donec posuere metus vitae ipsum.",00:00.0,00:00.0
229,Cyrillus,Fridlington,826,Maecenas pulvinar lobortis est.,00:00.0,00:00.0
229,Cyrillus,Fridlington,865,"In hac habitasse platea dictumst. Aliquam augue quam, sollicitudin vitae, consectetuer eget, rutrum at, lorem. Integer tincidunt ante vel ipsum. Praesent blandit lacinia erat. Vestibulum sed magna at nunc commodo placerat.",00:00.0,00:00.0
235,Henrietta,Parffrey,445,Aenean auctor gravida sem. Praesent id massa id nisl venenatis lacinia.,00:00.0,00:00.0
237,Cynthie,Wankel,866,"Cras pellentesque volutpat dui. Maecenas tristique, est et tempus semper, est quam pharetra magna, ac consequat metus sapien ut nunc. Vestibulum ante ipsum primis in faucibus orci luctus et ultrices posuere cubilia Curae; Mauris viverra diam vitae quam.",00:00.0,00:00.0
242,Siward,Speedy,407,Proin eu mi.,00:00.0,00:00.0
242,Siward,Speedy,169,Morbi porttitor lorem id ligula. Suspendisse ornare consequat lectus.,00:00.0,00:00.0
244,Callida,Sawart,406,Proin eu mi.,00:00.0,00:00.0
246,Yancey,Fursland,55,"Cras mi pede, malesuada in, imperdiet et, commodo vulputate, justo. In blandit ultrices enim. Lorem ipsum dolor sit amet, consectetuer adipiscing elit. Proin interdum mauris non ligula pellentesque ultrices. Phasellus id sapien in sapien iaculis congue.",00:00.0,00:00.0
246,Yancey,Fursland,512,Vestibulum ante ipsum primis in faucibus orci luctus et ultrices posuere cubilia Curae; Mauris viverra diam vitae quam. Suspendisse potenti. Nullam porttitor lacus at turpis.,00:00.0,00:00.0
247,Gaston,Sirl,126,Fusce consequat. Nulla nisl. Nunc nisl.,00:00.0,00:00.0
249,Farlay,Kleinstein,142,"Mauris enim leo, rhoncus sed, vestibulum sit amet, cursus id, turpis. Integer aliquet, massa id lobortis convallis, tortor risus dapibus augue, vel accumsan tellus nisi eu orci.",00:00.0,00:00.0
249,Farlay,Kleinstein,935,"Nulla neque libero, convallis eget, eleifend luctus, ultricies eu, nibh.",00:00.0,00:00.0
255,Wandis,Stockwell,281,"Curabitur convallis. Duis consequat dui nec nisi volutpat eleifend. Donec ut dolor. Morbi vel lectus in quam fringilla rhoncus. Mauris enim leo, rhoncus sed, vestibulum sit amet, cursus id, turpis.",00:00.0,00:00.0
255,Wandis,Stockwell,77,Nulla suscipit ligula in lacus. Curabitur at ipsum ac tellus semper interdum. Mauris ullamcorper purus sit amet nulla.,00:00.0,00:00.0
255,Wandis,Stockwell,664,"Nulla ac enim. In tempor, turpis nec euismod scelerisque, quam turpis adipiscing lorem, vitae mattis nibh ligula nec sem. Duis aliquam convallis nunc. Proin at turpis a pede posuere nonummy. Integer non velit.",00:00.0,00:00.0
256,Orbadiah,Pepye,310,"Vivamus vel nulla eget eros elementum pellentesque. Quisque porta volutpat erat. Quisque erat eros, viverra eget, congue eget, semper rutrum, nulla.",00:00.0,00:00.0
258,Gearalt,Tindall,368,In congue. Etiam justo. Etiam pretium iaculis justo.,00:00.0,00:00.0
259,Coralie,Le Grand,106,"Lorem ipsum dolor sit amet, consectetuer adipiscing elit. Proin interdum mauris non ligula pellentesque ultrices.",00:00.0,00:00.0
261,Micaela,Dixcey,100,"In tempor, turpis nec euismod scelerisque, quam turpis adipiscing lorem, vitae mattis nibh ligula nec sem. Duis aliquam convallis nunc. Proin at turpis a pede posuere nonummy.",00:00.0,00:00.0
263,Farand,Giacomozzo,361,Aenean lectus.,00:00.0,00:00.0
264,Gayel,Cobbin,991,Cras in purus eu magna vulputate luctus.,00:00.0,00:00.0
265,Jania,Gilbride,602,"Fusce congue, diam id ornare imperdiet, sapien urna pretium nisl, ut volutpat sapien arcu sed augue. Aliquam erat volutpat.",00:00.0,00:00.0
268,Sayres,Prophet,691,"Fusce lacus purus, aliquet at, feugiat non, pretium quis, lectus. Suspendisse potenti. In eleifend quam a odio.",00:00.0,00:00.0
269,Ebenezer,Clear,413,"Curabitur at ipsum ac tellus semper interdum. Mauris ullamcorper purus sit amet nulla. Quisque arcu libero, rutrum ac, lobortis vel, dapibus at, diam. Nam tristique tortor eu pede.",00:00.0,00:00.0
270,Richmond,Heardman,147,Vestibulum rutrum rutrum neque. Aenean auctor gravida sem. Praesent id massa id nisl venenatis lacinia. Aenean sit amet justo. Morbi ut odio.,00:00.0,00:00.0
272,Anjela,Cleatherow,345,Morbi a ipsum. Integer a nibh. In quis justo.,00:00.0,00:00.0
272,Anjela,Cleatherow,129,In congue.,00:00.0,00:00.0
274,Corie,Alty,295,Donec dapibus. Duis at velit eu est congue elementum.,00:00.0,00:00.0
274,Corie,Alty,11,Donec ut dolor. Morbi vel lectus in quam fringilla rhoncus.,00:00.0,00:00.0
274,Corie,Alty,840,"Duis bibendum, felis sed interdum venenatis, turpis enim blandit mi, in porttitor pede justo eu massa. Donec dapibus.",00:00.0,00:00.0
278,Farris,Raspel,618,Nulla justo. Aliquam quis turpis eget elit sodales scelerisque.,00:00.0,00:00.0
278,Farris,Raspel,114,In quis justo.,00:00.0,00:00.0
278,Farris,Raspel,713,Morbi a ipsum. Integer a nibh. In quis justo. Maecenas rhoncus aliquam lacus.,00:00.0,00:00.0
279,Tore,Atcock,867,"Donec diam neque, vestibulum eget, vulputate ut, ultrices vel, augue. Vestibulum ante ipsum primis in faucibus orci luctus et ultrices posuere cubilia Curae; Donec pharetra, magna vestibulum aliquet ultrices, erat tortor sollicitudin mi, sit amet lobortis sapien sapien non mi. Integer ac neque. Duis bibendum.",00:00.0,00:00.0
281,Lynde,Wooller,250,"Nullam orci pede, venenatis non, sodales sed, tincidunt eu, felis. Fusce posuere felis sed lacus. Morbi sem mauris, laoreet ut, rhoncus aliquet, pulvinar sed, nisl. Nunc rhoncus dui vel sem. Sed sagittis.",00:00.0,00:00.0
281,Lynde,Wooller,616,"Donec diam neque, vestibulum eget, vulputate ut, ultrices vel, augue. Vestibulum ante ipsum primis in faucibus orci luctus et ultrices posuere cubilia Curae; Donec pharetra, magna vestibulum aliquet ultrices, erat tortor sollicitudin mi, sit amet lobortis sapien sapien non mi. Integer ac neque. Duis bibendum. Morbi non quam nec dui luctus rutrum.",00:00.0,00:00.0
282,Simon,Jaycock,974,"Integer aliquet, massa id lobortis convallis, tortor risus dapibus augue, vel accumsan tellus nisi eu orci.",00:00.0,00:00.0
284,Armando,Menloe,64,"In quis justo. Maecenas rhoncus aliquam lacus. Morbi quis tortor id nulla ultrices aliquet. Maecenas leo odio, condimentum id, luctus nec, molestie sed, justo.",00:00.0,00:00.0
285,Ethelyn,Scothron,176,"Duis at velit eu est congue elementum. In hac habitasse platea dictumst. Morbi vestibulum, velit id pretium iaculis, diam erat fermentum justo, nec condimentum neque sapien placerat ante.",00:00.0,00:00.0
288,Tobit,Hayers,722,"Fusce consequat. Nulla nisl. Nunc nisl. Duis bibendum, felis sed interdum venenatis, turpis enim blandit mi, in porttitor pede justo eu massa. Donec dapibus.",00:00.0,00:00.0
289,Marilin,Dyster,228,"Cum sociis natoque penatibus et magnis dis parturient montes, nascetur ridiculus mus. Etiam vel augue. Vestibulum rutrum rutrum neque. Aenean auctor gravida sem.",00:00.0,00:00.0
291,Elvina,Miguet,554,In hac habitasse platea dictumst. Etiam faucibus cursus urna. Ut tellus. Nulla ut erat id mauris vulputate elementum. Nullam varius.,00:00.0,00:00.0
293,June,Hurlston,256,In quis justo. Maecenas rhoncus aliquam lacus.,00:00.0,00:00.0
294,Jobyna,Grayshon,324,In hac habitasse platea dictumst.,00:00.0,00:00.0
294,Jobyna,Grayshon,134,Maecenas ut massa quis augue luctus tincidunt. Nulla mollis molestie lorem. Quisque ut erat.,00:00.0,00:00.0
294,Jobyna,Grayshon,992,"Fusce posuere felis sed lacus. Morbi sem mauris, laoreet ut, rhoncus aliquet, pulvinar sed, nisl. Nunc rhoncus dui vel sem.",00:00.0,00:00.0
295,Kally,MacArdle,170,"Proin risus. Praesent lectus. Vestibulum quam sapien, varius ut, blandit non, interdum in, ante. Vestibulum ante ipsum primis in faucibus orci luctus et ultrices posuere cubilia Curae; Duis faucibus accumsan odio.",00:00.0,00:00.0
299,Nelly,Alejandre,477,Morbi non quam nec dui luctus rutrum. Nulla tellus. In sagittis dui vel nisl.,00:00.0,00:00.0
301,Shandee,Harbord,5,Suspendisse potenti. In eleifend quam a odio. In hac habitasse platea dictumst. Maecenas ut massa quis augue luctus tincidunt.,00:00.0,00:00.0
303,Marika,Luscombe,110,Nam dui.,00:00.0,00:00.0
305,Audrey,Jeanes,974,"Integer aliquet, massa id lobortis convallis, tortor risus dapibus augue, vel accumsan tellus nisi eu orci.",00:00.0,00:00.0
311,Richie,Lineen,634,"Nulla ac enim. In tempor, turpis nec euismod scelerisque, quam turpis adipiscing lorem, vitae mattis nibh ligula nec sem.",00:00.0,00:00.0
314,Ashil,Gethouse,82,Aliquam erat volutpat. In congue. Etiam justo. Etiam pretium iaculis justo. In hac habitasse platea dictumst.,00:00.0,00:00.0
317,Toni,Burbidge,606,Curabitur convallis. Duis consequat dui nec nisi volutpat eleifend. Donec ut dolor. Morbi vel lectus in quam fringilla rhoncus.,00:00.0,00:00.0
318,Serena,Dedrick,573,Vestibulum sed magna at nunc commodo placerat. Praesent blandit. Nam nulla.,00:00.0,00:00.0
319,Ignaz,Wyles,860,"Aenean sit amet justo. Morbi ut odio. Cras mi pede, malesuada in, imperdiet et, commodo vulputate, justo. In blandit ultrices enim.",00:00.0,00:00.0
319,Ignaz,Wyles,561,"In tempor, turpis nec euismod scelerisque, quam turpis adipiscing lorem, vitae mattis nibh ligula nec sem. Duis aliquam convallis nunc.",00:00.0,00:00.0
320,Shawna,Ralphs,204,"Fusce congue, diam id ornare imperdiet, sapien urna pretium nisl, ut volutpat sapien arcu sed augue. Aliquam erat volutpat. In congue.",00:00.0,00:00.0
321,Tami,Charity,323,Vivamus vel nulla eget eros elementum pellentesque.,00:00.0,00:00.0
322,Simonne,Lillicrap,589,"Vivamus vestibulum sagittis sapien. Cum sociis natoque penatibus et magnis dis parturient montes, nascetur ridiculus mus. Etiam vel augue. Vestibulum rutrum rutrum neque. Aenean auctor gravida sem.",00:00.0,00:00.0
325,Markus,Hazelden,375,"Duis consequat dui nec nisi volutpat eleifend. Donec ut dolor. Morbi vel lectus in quam fringilla rhoncus. Mauris enim leo, rhoncus sed, vestibulum sit amet, cursus id, turpis.",00:00.0,00:00.0
327,Garold,Lockery,632,"Donec odio justo, sollicitudin ut, suscipit a, feugiat et, eros. Vestibulum ac est lacinia nisi venenatis tristique. Fusce congue, diam id ornare imperdiet, sapien urna pretium nisl, ut volutpat sapien arcu sed augue.",00:00.0,00:00.0
327,Garold,Lockery,761,"In tempor, turpis nec euismod scelerisque, quam turpis adipiscing lorem, vitae mattis nibh ligula nec sem. Duis aliquam convallis nunc.",00:00.0,00:00.0
331,Tabbi,Thompson,148,Integer a nibh. In quis justo.,00:00.0,00:00.0
332,Jeralee,Curran,373,"Donec ut mauris eget massa tempor convallis. Nulla neque libero, convallis eget, eleifend luctus, ultricies eu, nibh. Quisque id justo sit amet sapien dignissim vestibulum.",00:00.0,00:00.0
334,Kane,Sapey,326,"Duis bibendum, felis sed interdum venenatis, turpis enim blandit mi, in porttitor pede justo eu massa. Donec dapibus.",00:00.0,00:00.0
334,Kane,Sapey,981,"Nulla suscipit ligula in lacus. Curabitur at ipsum ac tellus semper interdum. Mauris ullamcorper purus sit amet nulla. Quisque arcu libero, rutrum ac, lobortis vel, dapibus at, diam. Nam tristique tortor eu pede.",00:00.0,00:00.0
338,Any,Ferre,572,"Phasellus id sapien in sapien iaculis congue. Vivamus metus arcu, adipiscing molestie, hendrerit at, vulputate vitae, nisl. Aenean lectus.",00:00.0,00:00.0
338,Any,Ferre,135,Vestibulum ante ipsum primis in faucibus orci luctus et ultrices posuere cubilia Curae; Nulla dapibus dolor vel est.,00:00.0,00:00.0
340,Rainer,Winchcum,530,Vestibulum rutrum rutrum neque. Aenean auctor gravida sem. Praesent id massa id nisl venenatis lacinia. Aenean sit amet justo. Morbi ut odio.,00:00.0,00:00.0
343,Torre,Bradmore,763,"Morbi non quam nec dui luctus rutrum. Nulla tellus. In sagittis dui vel nisl. Duis ac nibh. Fusce lacus purus, aliquet at, feugiat non, pretium quis, lectus.",00:00.0,00:00.0
343,Torre,Bradmore,771,Sed ante. Vivamus tortor. Duis mattis egestas metus. Aenean fermentum. Donec ut mauris eget massa tempor convallis.,00:00.0,00:00.0
346,Foss,Caveau,545,"Fusce consequat. Nulla nisl. Nunc nisl. Duis bibendum, felis sed interdum venenatis, turpis enim blandit mi, in porttitor pede justo eu massa.",00:00.0,00:00.0
350,Nickolai,Hallagan,551,"Vestibulum quam sapien, varius ut, blandit non, interdum in, ante. Vestibulum ante ipsum primis in faucibus orci luctus et ultrices posuere cubilia Curae; Duis faucibus accumsan odio. Curabitur convallis. Duis consequat dui nec nisi volutpat eleifend. Donec ut dolor.",00:00.0,00:00.0
350,Nickolai,Hallagan,319,"Donec odio justo, sollicitudin ut, suscipit a, feugiat et, eros. Vestibulum ac est lacinia nisi venenatis tristique.",00:00.0,00:00.0
351,Pembroke,Knight,23,Etiam justo.,00:00.0,00:00.0
352,Federica,Lesaunier,807,"Nam nulla. Integer pede justo, lacinia eget, tincidunt eget, tempus vel, pede. Morbi porttitor lorem id ligula. Suspendisse ornare consequat lectus. In est risus, auctor sed, tristique in, tempus sit amet, sem.",00:00.0,00:00.0
354,Phaedra,Killoran,47,Etiam vel augue. Vestibulum rutrum rutrum neque. Aenean auctor gravida sem. Praesent id massa id nisl venenatis lacinia.,00:00.0,00:00.0
356,Loutitia,Caskie,533,"Morbi non lectus. Aliquam sit amet diam in magna bibendum imperdiet. Nullam orci pede, venenatis non, sodales sed, tincidunt eu, felis. Fusce posuere felis sed lacus.",00:00.0,00:00.0
356,Loutitia,Caskie,981,"Nulla suscipit ligula in lacus. Curabitur at ipsum ac tellus semper interdum. Mauris ullamcorper purus sit amet nulla. Quisque arcu libero, rutrum ac, lobortis vel, dapibus at, diam. Nam tristique tortor eu pede.",00:00.0,00:00.0
359,Deborah,Astill,906,Sed accumsan felis. Ut at dolor quis odio consequat varius. Integer ac leo. Pellentesque ultrices mattis odio. Donec vitae nisi.,00:00.0,00:00.0
362,Vaclav,Gillet,92,Vivamus vel nulla eget eros elementum pellentesque. Quisque porta volutpat erat.,00:00.0,00:00.0
363,Aileen,Cusiter,573,Vestibulum sed magna at nunc commodo placerat. Praesent blandit. Nam nulla.,00:00.0,00:00.0
363,Aileen,Cusiter,142,"Mauris enim leo, rhoncus sed, vestibulum sit amet, cursus id, turpis. Integer aliquet, massa id lobortis convallis, tortor risus dapibus augue, vel accumsan tellus nisi eu orci.",00:00.0,00:00.0
365,Meryl,Fortnon,253,"Aenean fermentum. Donec ut mauris eget massa tempor convallis. Nulla neque libero, convallis eget, eleifend luctus, ultricies eu, nibh. Quisque id justo sit amet sapien dignissim vestibulum. Vestibulum ante ipsum primis in faucibus orci luctus et ultrices posuere cubilia Curae; Nulla dapibus dolor vel est.",00:00.0,00:00.0
368,Orelee,McJerrow,344,Sed ante. Vivamus tortor. Duis mattis egestas metus. Aenean fermentum. Donec ut mauris eget massa tempor convallis.,00:00.0,00:00.0
368,Orelee,McJerrow,196,"Pellentesque ultrices mattis odio. Donec vitae nisi. Nam ultrices, libero non mattis pulvinar, nulla pede ullamcorper augue, a suscipit nulla elit ac nulla. Sed vel enim sit amet nunc viverra dapibus. Nulla suscipit ligula in lacus.",00:00.0,00:00.0
371,Herbert,Cecil,501,Etiam justo. Etiam pretium iaculis justo. In hac habitasse platea dictumst. Etiam faucibus cursus urna. Ut tellus.,00:00.0,00:00.0
374,Emeline,Imorts,878,Nunc rhoncus dui vel sem. Sed sagittis.,00:00.0,00:00.0
379,Valle,Gristhwaite,864,Aenean fermentum. Donec ut mauris eget massa tempor convallis.,00:00.0,00:00.0
380,Sansone,Chooter,21,Nulla mollis molestie lorem. Quisque ut erat. Curabitur gravida nisi at nibh. In hac habitasse platea dictumst.,00:00.0,00:00.0
380,Sansone,Chooter,25,"Proin interdum mauris non ligula pellentesque ultrices. Phasellus id sapien in sapien iaculis congue. Vivamus metus arcu, adipiscing molestie, hendrerit at, vulputate vitae, nisl.",00:00.0,00:00.0
382,Antonina,Burwin,60,Morbi porttitor lorem id ligula. Suspendisse ornare consequat lectus.,00:00.0,00:00.0
382,Antonina,Burwin,216,Aliquam quis turpis eget elit sodales scelerisque. Mauris sit amet eros.,00:00.0,00:00.0
383,Shirline,Minkin,573,Vestibulum sed magna at nunc commodo placerat. Praesent blandit. Nam nulla.,00:00.0,00:00.0
384,Maje,Rozenzweig,366,"Nullam orci pede, venenatis non, sodales sed, tincidunt eu, felis. Fusce posuere felis sed lacus. Morbi sem mauris, laoreet ut, rhoncus aliquet, pulvinar sed, nisl.",00:00.0,00:00.0
384,Maje,Rozenzweig,302,Morbi vel lectus in quam fringilla rhoncus.,00:00.0,00:00.0
386,Camila,Thorold,418,Duis ac nibh.,00:00.0,00:00.0
387,Konstanze,Chadwen,45,Integer tincidunt ante vel ipsum. Praesent blandit lacinia erat.,00:00.0,00:00.0
388,Friederike,MacKeig,342,Proin eu mi.,00:00.0,00:00.0
392,Dev,Hrinchishin,485,"Nulla ac enim. In tempor, turpis nec euismod scelerisque, quam turpis adipiscing lorem, vitae mattis nibh ligula nec sem. Duis aliquam convallis nunc.",00:00.0,00:00.0
392,Dev,Hrinchishin,168,"Morbi sem mauris, laoreet ut, rhoncus aliquet, pulvinar sed, nisl. Nunc rhoncus dui vel sem. Sed sagittis. Nam congue, risus semper porta volutpat, quam pede lobortis ligula, sit amet eleifend pede libero quis orci.",00:00.0,00:00.0
394,Lilllie,Pirt,419,Nulla tempus. Vivamus in felis eu sapien cursus vestibulum. Proin eu mi. Nulla ac enim.,00:00.0,00:00.0
399,Munroe,Duffill,425,"Cras pellentesque volutpat dui. Maecenas tristique, est et tempus semper, est quam pharetra magna, ac consequat metus sapien ut nunc.",00:00.0,00:00.0
401,Roy,Sommersett,2,Nullam molestie nibh in lectus. Pellentesque at nulla. Suspendisse potenti.,00:00.0,00:00.0
401,Roy,Sommersett,457,Vivamus tortor. Duis mattis egestas metus. Aenean fermentum. Donec ut mauris eget massa tempor convallis.,00:00.0,00:00.0
402,Pernell,Eger,420,"Morbi vestibulum, velit id pretium iaculis, diam erat fermentum justo, nec condimentum neque sapien placerat ante. Nulla justo.",00:00.0,00:00.0
403,Morry,Alred,848,Sed ante. Vivamus tortor. Duis mattis egestas metus. Aenean fermentum. Donec ut mauris eget massa tempor convallis.,00:00.0,00:00.0
404,Engelbert,Sawers,941,"Morbi odio odio, elementum eu, interdum eu, tincidunt in, leo. Maecenas pulvinar lobortis est. Phasellus sit amet erat. Nulla tempus. Vivamus in felis eu sapien cursus vestibulum.",00:00.0,00:00.0
406,Teodoro,Ding,907,"Morbi quis tortor id nulla ultrices aliquet. Maecenas leo odio, condimentum id, luctus nec, molestie sed, justo. Pellentesque viverra pede ac diam.",00:00.0,00:00.0
410,Lauren,Santarelli,348,Vivamus vestibulum sagittis sapien.,00:00.0,00:00.0
410,Lauren,Santarelli,449,"Proin interdum mauris non ligula pellentesque ultrices. Phasellus id sapien in sapien iaculis congue. Vivamus metus arcu, adipiscing molestie, hendrerit at, vulputate vitae, nisl. Aenean lectus. Pellentesque eget nunc.",00:00.0,00:00.0
413,Beth,Lodden,999,Mauris lacinia sapien quis libero. Nullam sit amet turpis elementum ligula vehicula consequat. Morbi a ipsum. Integer a nibh. In quis justo.,00:00.0,00:00.0
414,Darwin,Billingsley,449,"Proin interdum mauris non ligula pellentesque ultrices. Phasellus id sapien in sapien iaculis congue. Vivamus metus arcu, adipiscing molestie, hendrerit at, vulputate vitae, nisl. Aenean lectus. Pellentesque eget nunc.",00:00.0,00:00.0
414,Darwin,Billingsley,240,Integer ac leo.,00:00.0,00:00.0
415,Stephenie,Klyner,418,Duis ac nibh.,00:00.0,00:00.0
418,Georgie,Kilfedder,862,Aenean auctor gravida sem. Praesent id massa id nisl venenatis lacinia.,00:00.0,00:00.0
418,Georgie,Kilfedder,499,In quis justo.,00:00.0,00:00.0
419,Siegfried,Meineken,268,"Aliquam augue quam, sollicitudin vitae, consectetuer eget, rutrum at, lorem. Integer tincidunt ante vel ipsum. Praesent blandit lacinia erat.",00:00.0,00:00.0
420,Weidar,Pettinger,588,Aenean lectus.,00:00.0,00:00.0
420,Weidar,Pettinger,172,Sed vel enim sit amet nunc viverra dapibus. Nulla suscipit ligula in lacus. Curabitur at ipsum ac tellus semper interdum.,00:00.0,00:00.0
421,Jania,McGriffin,724,"Fusce lacus purus, aliquet at, feugiat non, pretium quis, lectus. Suspendisse potenti.",00:00.0,00:00.0
422,Marlo,Pirri,7,Ut tellus. Nulla ut erat id mauris vulputate elementum.,00:00.0,00:00.0
423,Mora,Goldthorp,648,In hac habitasse platea dictumst.,00:00.0,00:00.0
423,Mora,Goldthorp,989,Curabitur gravida nisi at nibh. In hac habitasse platea dictumst.,00:00.0,00:00.0
426,Ravi,Mounter,895,"Integer non velit. Donec diam neque, vestibulum eget, vulputate ut, ultrices vel, augue. Vestibulum ante ipsum primis in faucibus orci luctus et ultrices posuere cubilia Curae; Donec pharetra, magna vestibulum aliquet ultrices, erat tortor sollicitudin mi, sit amet lobortis sapien sapien non mi. Integer ac neque. Duis bibendum.",00:00.0,00:00.0
427,Glennis,Bisson,169,Morbi porttitor lorem id ligula. Suspendisse ornare consequat lectus.,00:00.0,00:00.0
428,Carlos,Barford,717,Nullam sit amet turpis elementum ligula vehicula consequat. Morbi a ipsum.,00:00.0,00:00.0
429,Godwin,Ivermee,765,"In hac habitasse platea dictumst. Aliquam augue quam, sollicitudin vitae, consectetuer eget, rutrum at, lorem. Integer tincidunt ante vel ipsum.",00:00.0,00:00.0
430,Jess,Borsnall,260,"Nam ultrices, libero non mattis pulvinar, nulla pede ullamcorper augue, a suscipit nulla elit ac nulla.",00:00.0,00:00.0
435,Lucian,Silbert,654,Sed ante. Vivamus tortor.,00:00.0,00:00.0
435,Lucian,Silbert,992,"Fusce posuere felis sed lacus. Morbi sem mauris, laoreet ut, rhoncus aliquet, pulvinar sed, nisl. Nunc rhoncus dui vel sem.",00:00.0,00:00.0
436,Marj,Greim,472,Phasellus sit amet erat. Nulla tempus. Vivamus in felis eu sapien cursus vestibulum.,00:00.0,00:00.0
437,Bartolemo,Varnals,655,Vestibulum sed magna at nunc commodo placerat. Praesent blandit. Nam nulla.,00:00.0,00:00.0
439,Cece,Bradbeer,248,Morbi a ipsum. Integer a nibh. In quis justo. Maecenas rhoncus aliquam lacus.,00:00.0,00:00.0
441,Debbi,Vannar,636,"Maecenas tristique, est et tempus semper, est quam pharetra magna, ac consequat metus sapien ut nunc. Vestibulum ante ipsum primis in faucibus orci luctus et ultrices posuere cubilia Curae; Mauris viverra diam vitae quam. Suspendisse potenti. Nullam porttitor lacus at turpis. Donec posuere metus vitae ipsum.",00:00.0,00:00.0
444,Tiffie,Gawthorpe,972,In quis justo. Maecenas rhoncus aliquam lacus. Morbi quis tortor id nulla ultrices aliquet.,00:00.0,00:00.0
444,Tiffie,Gawthorpe,870,"Quisque porta volutpat erat. Quisque erat eros, viverra eget, congue eget, semper rutrum, nulla. Nunc purus. Phasellus in felis. Donec semper sapien a libero.",00:00.0,00:00.0
445,Mabel,Geraldini,497,"Fusce posuere felis sed lacus. Morbi sem mauris, laoreet ut, rhoncus aliquet, pulvinar sed, nisl. Nunc rhoncus dui vel sem. Sed sagittis. Nam congue, risus semper porta volutpat, quam pede lobortis ligula, sit amet eleifend pede libero quis orci.",00:00.0,00:00.0
448,Martyn,Brosch,801,"Maecenas tincidunt lacus at velit. Vivamus vel nulla eget eros elementum pellentesque. Quisque porta volutpat erat. Quisque erat eros, viverra eget, congue eget, semper rutrum, nulla. Nunc purus.",00:00.0,00:00.0
448,Martyn,Brosch,791,"Quisque erat eros, viverra eget, congue eget, semper rutrum, nulla. Nunc purus.",00:00.0,00:00.0
449,Vivie,Heckner,962,Ut at dolor quis odio consequat varius.,00:00.0,00:00.0
453,Tasia,Bucky,115,Suspendisse ornare consequat lectus.,00:00.0,00:00.0
453,Tasia,Bucky,775,Nulla suscipit ligula in lacus. Curabitur at ipsum ac tellus semper interdum.,00:00.0,00:00.0
454,Bryan,Burnsall,901,"Donec vitae nisi. Nam ultrices, libero non mattis pulvinar, nulla pede ullamcorper augue, a suscipit nulla elit ac nulla. Sed vel enim sit amet nunc viverra dapibus.",00:00.0,00:00.0
455,Justen,Ashmore,405,"Duis ac nibh. Fusce lacus purus, aliquet at, feugiat non, pretium quis, lectus. Suspendisse potenti. In eleifend quam a odio.",00:00.0,00:00.0
461,Giordano,McCardle,40,Quisque id justo sit amet sapien dignissim vestibulum. Vestibulum ante ipsum primis in faucibus orci luctus et ultrices posuere cubilia Curae; Nulla dapibus dolor vel est.,00:00.0,00:00.0
461,Giordano,McCardle,414,"Mauris ullamcorper purus sit amet nulla. Quisque arcu libero, rutrum ac, lobortis vel, dapibus at, diam. Nam tristique tortor eu pede.",00:00.0,00:00.0
464,Meggy,Mandifield,586,"Nullam molestie nibh in lectus. Pellentesque at nulla. Suspendisse potenti. Cras in purus eu magna vulputate luctus. Cum sociis natoque penatibus et magnis dis parturient montes, nascetur ridiculus mus.",00:00.0,00:00.0
467,Raimondo,Pond-Jones,67,Suspendisse accumsan tortor quis turpis.,00:00.0,00:00.0
470,Ray,Fearne,624,Praesent id massa id nisl venenatis lacinia. Aenean sit amet justo. Morbi ut odio.,00:00.0,00:00.0
470,Ray,Fearne,325,Vestibulum ante ipsum primis in faucibus orci luctus et ultrices posuere cubilia Curae; Nulla dapibus dolor vel est.,00:00.0,00:00.0
473,Ardisj,Van Bruggen,210,"Sed sagittis. Nam congue, risus semper porta volutpat, quam pede lobortis ligula, sit amet eleifend pede libero quis orci.",00:00.0,00:00.0
475,Derward,Castilla,711,Sed accumsan felis. Ut at dolor quis odio consequat varius. Integer ac leo. Pellentesque ultrices mattis odio.,00:00.0,00:00.0
477,Otho,Tomasicchio,577,Duis bibendum. Morbi non quam nec dui luctus rutrum. Nulla tellus. In sagittis dui vel nisl.,00:00.0,00:00.0
478,Angeline,Simper,835,Nulla suscipit ligula in lacus. Curabitur at ipsum ac tellus semper interdum. Mauris ullamcorper purus sit amet nulla.,00:00.0,00:00.0
479,Brod,Bignold,12,"Nam ultrices, libero non mattis pulvinar, nulla pede ullamcorper augue, a suscipit nulla elit ac nulla. Sed vel enim sit amet nunc viverra dapibus. Nulla suscipit ligula in lacus.",00:00.0,00:00.0
484,Niles,Jenney,169,Morbi porttitor lorem id ligula. Suspendisse ornare consequat lectus.,00:00.0,00:00.0
485,Ernestus,Dytham,928,Quisque id justo sit amet sapien dignissim vestibulum. Vestibulum ante ipsum primis in faucibus orci luctus et ultrices posuere cubilia Curae; Nulla dapibus dolor vel est.,00:00.0,00:00.0
486,Alessandra,Regis,624,Praesent id massa id nisl venenatis lacinia. Aenean sit amet justo. Morbi ut odio.,00:00.0,00:00.0
488,Randy,Bosse,774,Nulla tellus. In sagittis dui vel nisl.,00:00.0,00:00.0
488,Randy,Bosse,154,Nulla mollis molestie lorem. Quisque ut erat. Curabitur gravida nisi at nibh. In hac habitasse platea dictumst.,00:00.0,00:00.0
488,Randy,Bosse,307,Morbi a ipsum. Integer a nibh. In quis justo. Maecenas rhoncus aliquam lacus. Morbi quis tortor id nulla ultrices aliquet.,00:00.0,00:00.0
490,Martynne,Guerriero,88,"Morbi quis tortor id nulla ultrices aliquet. Maecenas leo odio, condimentum id, luctus nec, molestie sed, justo. Pellentesque viverra pede ac diam. Cras pellentesque volutpat dui. Maecenas tristique, est et tempus semper, est quam pharetra magna, ac consequat metus sapien ut nunc.",00:00.0,00:00.0
490,Martynne,Guerriero,141,"Cras pellentesque volutpat dui. Maecenas tristique, est et tempus semper, est quam pharetra magna, ac consequat metus sapien ut nunc. Vestibulum ante ipsum primis in faucibus orci luctus et ultrices posuere cubilia Curae; Mauris viverra diam vitae quam. Suspendisse potenti.",00:00.0,00:00.0
492,Suellen,Potkin,489,Nulla facilisi. Cras non velit nec nisi vulputate nonummy. Maecenas tincidunt lacus at velit. Vivamus vel nulla eget eros elementum pellentesque.,00:00.0,00:00.0
496,Felix,Spurrior,565,"In blandit ultrices enim. Lorem ipsum dolor sit amet, consectetuer adipiscing elit. Proin interdum mauris non ligula pellentesque ultrices. Phasellus id sapien in sapien iaculis congue. Vivamus metus arcu, adipiscing molestie, hendrerit at, vulputate vitae, nisl.",00:00.0,00:00.0
496,Felix,Spurrior,22,In sagittis dui vel nisl. Duis ac nibh.,00:00.0,00:00.0
497,Sibel,Dozdill,153,Aenean auctor gravida sem. Praesent id massa id nisl venenatis lacinia. Aenean sit amet justo. Morbi ut odio.,00:00.0,00:00.0
497,Sibel,Dozdill,611,Nulla mollis molestie lorem.,00:00.0,00:00.0
498,Neala,Gartshore,501,Etiam justo. Etiam pretium iaculis justo. In hac habitasse platea dictumst. Etiam faucibus cursus urna. Ut tellus.,00:00.0,00:00.0
500,Alexandrina,Gunner,676,Curabitur in libero ut massa volutpat convallis.,00:00.0,00:00.0
500,Alexandrina,Gunner,228,"Cum sociis natoque penatibus et magnis dis parturient montes, nascetur ridiculus mus. Etiam vel augue. Vestibulum rutrum rutrum neque. Aenean auctor gravida sem.",00:00.0,00:00.0
501,Drusi,Linsay,548,"Vivamus tortor. Duis mattis egestas metus. Aenean fermentum. Donec ut mauris eget massa tempor convallis. Nulla neque libero, convallis eget, eleifend luctus, ultricies eu, nibh.",00:00.0,00:00.0
504,Yankee,Awde,142,"Mauris enim leo, rhoncus sed, vestibulum sit amet, cursus id, turpis. Integer aliquet, massa id lobortis convallis, tortor risus dapibus augue, vel accumsan tellus nisi eu orci.",00:00.0,00:00.0
504,Yankee,Awde,232,In eleifend quam a odio. In hac habitasse platea dictumst. Maecenas ut massa quis augue luctus tincidunt. Nulla mollis molestie lorem. Quisque ut erat.,00:00.0,00:00.0
505,Robinet,Greening,632,"Donec odio justo, sollicitudin ut, suscipit a, feugiat et, eros. Vestibulum ac est lacinia nisi venenatis tristique. Fusce congue, diam id ornare imperdiet, sapien urna pretium nisl, ut volutpat sapien arcu sed augue.",00:00.0,00:00.0
508,Alexa,Villar,707,"Nam congue, risus semper porta volutpat, quam pede lobortis ligula, sit amet eleifend pede libero quis orci. Nullam molestie nibh in lectus.",00:00.0,00:00.0
510,Lyman,Kettlesing,793,Pellentesque at nulla.,00:00.0,00:00.0
510,Lyman,Kettlesing,61,Curabitur gravida nisi at nibh. In hac habitasse platea dictumst.,00:00.0,00:00.0
510,Lyman,Kettlesing,697,Nulla justo. Aliquam quis turpis eget elit sodales scelerisque. Mauris sit amet eros. Suspendisse accumsan tortor quis turpis.,00:00.0,00:00.0
512,Quinta,Merrin,577,Duis bibendum. Morbi non quam nec dui luctus rutrum. Nulla tellus. In sagittis dui vel nisl.,00:00.0,00:00.0
514,Kylen,Deakin,731,"Curabitur in libero ut massa volutpat convallis. Morbi odio odio, elementum eu, interdum eu, tincidunt in, leo. Maecenas pulvinar lobortis est. Phasellus sit amet erat. Nulla tempus.",00:00.0,00:00.0
514,Kylen,Deakin,178,"Cum sociis natoque penatibus et magnis dis parturient montes, nascetur ridiculus mus. Vivamus vestibulum sagittis sapien.",00:00.0,00:00.0
516,Abbott,Drysdell,567,Praesent id massa id nisl venenatis lacinia. Aenean sit amet justo.,00:00.0,00:00.0
517,Marillin,Ericsson,60,Morbi porttitor lorem id ligula. Suspendisse ornare consequat lectus.,00:00.0,00:00.0
518,Marrilee,Gaspar,983,"Cras pellentesque volutpat dui. Maecenas tristique, est et tempus semper, est quam pharetra magna, ac consequat metus sapien ut nunc. Vestibulum ante ipsum primis in faucibus orci luctus et ultrices posuere cubilia Curae; Mauris viverra diam vitae quam. Suspendisse potenti.",00:00.0,00:00.0
521,Yoshi,Warrener,968,"Donec ut mauris eget massa tempor convallis. Nulla neque libero, convallis eget, eleifend luctus, ultricies eu, nibh. Quisque id justo sit amet sapien dignissim vestibulum. Vestibulum ante ipsum primis in faucibus orci luctus et ultrices posuere cubilia Curae; Nulla dapibus dolor vel est. Donec odio justo, sollicitudin ut, suscipit a, feugiat et, eros.",00:00.0,00:00.0
523,Justino,Pesic,932,"Nunc purus. Phasellus in felis. Donec semper sapien a libero. Nam dui. Proin leo odio, porttitor id, consequat in, consequat ut, nulla.",00:00.0,00:00.0
524,Kristoffer,Dowe,374,Integer non velit.,00:00.0,00:00.0
525,Noelyn,Grutchfield,520,Donec quis orci eget orci vehicula condimentum. Curabitur in libero ut massa volutpat convallis.,00:00.0,00:00.0
525,Noelyn,Grutchfield,355,"In hac habitasse platea dictumst. Morbi vestibulum, velit id pretium iaculis, diam erat fermentum justo, nec condimentum neque sapien placerat ante. Nulla justo.",00:00.0,00:00.0
525,Noelyn,Grutchfield,605,"Proin interdum mauris non ligula pellentesque ultrices. Phasellus id sapien in sapien iaculis congue. Vivamus metus arcu, adipiscing molestie, hendrerit at, vulputate vitae, nisl. Aenean lectus. Pellentesque eget nunc.",00:00.0,00:00.0
527,Garreth,Francioli,845,Duis bibendum. Morbi non quam nec dui luctus rutrum. Nulla tellus. In sagittis dui vel nisl.,00:00.0,00:00.0
528,Lyda,Delamaine,171,Praesent blandit lacinia erat. Vestibulum sed magna at nunc commodo placerat. Praesent blandit.,00:00.0,00:00.0
529,Cale,Manuely,337,"Nunc nisl. Duis bibendum, felis sed interdum venenatis, turpis enim blandit mi, in porttitor pede justo eu massa.",00:00.0,00:00.0
531,Lacee,Lakey,132,"Suspendisse potenti. Cras in purus eu magna vulputate luctus. Cum sociis natoque penatibus et magnis dis parturient montes, nascetur ridiculus mus. Vivamus vestibulum sagittis sapien.",00:00.0,00:00.0
534,Neilla,Faherty,457,Vivamus tortor. Duis mattis egestas metus. Aenean fermentum. Donec ut mauris eget massa tempor convallis.,00:00.0,00:00.0
535,Skipper,Brough,797,Nulla ut erat id mauris vulputate elementum.,00:00.0,00:00.0
539,Phelia,Corragan,704,"Duis at velit eu est congue elementum. In hac habitasse platea dictumst. Morbi vestibulum, velit id pretium iaculis, diam erat fermentum justo, nec condimentum neque sapien placerat ante. Nulla justo.",00:00.0,00:00.0
541,Langston,Dubois,924,Morbi non quam nec dui luctus rutrum.,00:00.0,00:00.0
542,Hastie,Barlow,574,"Proin eu mi. Nulla ac enim. In tempor, turpis nec euismod scelerisque, quam turpis adipiscing lorem, vitae mattis nibh ligula nec sem. Duis aliquam convallis nunc. Proin at turpis a pede posuere nonummy.",00:00.0,00:00.0
543,Maude,Ramel,321,Pellentesque at nulla. Suspendisse potenti.,00:00.0,00:00.0
544,Imogene,Crichmer,646,Morbi non quam nec dui luctus rutrum.,00:00.0,00:00.0
544,Imogene,Crichmer,96,"Donec vitae nisi. Nam ultrices, libero non mattis pulvinar, nulla pede ullamcorper augue, a suscipit nulla elit ac nulla.",00:00.0,00:00.0
545,Corabella,Lynds,121,Nulla justo. Aliquam quis turpis eget elit sodales scelerisque.,00:00.0,00:00.0
546,Lela,Atteridge,512,Vestibulum ante ipsum primis in faucibus orci luctus et ultrices posuere cubilia Curae; Mauris viverra diam vitae quam. Suspendisse potenti. Nullam porttitor lacus at turpis.,00:00.0,00:00.0
546,Lela,Atteridge,42,"In blandit ultrices enim. Lorem ipsum dolor sit amet, consectetuer adipiscing elit. Proin interdum mauris non ligula pellentesque ultrices. Phasellus id sapien in sapien iaculis congue. Vivamus metus arcu, adipiscing molestie, hendrerit at, vulputate vitae, nisl.",00:00.0,00:00.0
546,Lela,Atteridge,882,"Cum sociis natoque penatibus et magnis dis parturient montes, nascetur ridiculus mus.",00:00.0,00:00.0
549,Elfreda,Simond,692,"Integer non velit. Donec diam neque, vestibulum eget, vulputate ut, ultrices vel, augue.",00:00.0,00:00.0
549,Elfreda,Simond,484,"Aliquam augue quam, sollicitudin vitae, consectetuer eget, rutrum at, lorem. Integer tincidunt ante vel ipsum.",00:00.0,00:00.0
552,Yuma,Gaskoin,865,"In hac habitasse platea dictumst. Aliquam augue quam, sollicitudin vitae, consectetuer eget, rutrum at, lorem. Integer tincidunt ante vel ipsum. Praesent blandit lacinia erat. Vestibulum sed magna at nunc commodo placerat.",00:00.0,00:00.0
554,Ethelind,Woolrich,508,Etiam vel augue. Vestibulum rutrum rutrum neque. Aenean auctor gravida sem. Praesent id massa id nisl venenatis lacinia.,00:00.0,00:00.0
555,Shayne,Gilyatt,29,Suspendisse potenti. In eleifend quam a odio. In hac habitasse platea dictumst.,00:00.0,00:00.0
557,Grace,Ganforthe,222,"Nam congue, risus semper porta volutpat, quam pede lobortis ligula, sit amet eleifend pede libero quis orci. Nullam molestie nibh in lectus. Pellentesque at nulla. Suspendisse potenti. Cras in purus eu magna vulputate luctus.",00:00.0,00:00.0
557,Grace,Ganforthe,513,"Maecenas leo odio, condimentum id, luctus nec, molestie sed, justo. Pellentesque viverra pede ac diam.",00:00.0,00:00.0
562,Vikki,Dimnage,438,Integer tincidunt ante vel ipsum. Praesent blandit lacinia erat. Vestibulum sed magna at nunc commodo placerat. Praesent blandit.,00:00.0,00:00.0
569,Gaby,Marshall,346,"Vivamus metus arcu, adipiscing molestie, hendrerit at, vulputate vitae, nisl. Aenean lectus.",00:00.0,00:00.0
574,Maggie,Wigley,447,Vivamus tortor. Duis mattis egestas metus. Aenean fermentum. Donec ut mauris eget massa tempor convallis.,00:00.0,00:00.0
576,Clary,Crayker,253,"Aenean fermentum. Donec ut mauris eget massa tempor convallis. Nulla neque libero, convallis eget, eleifend luctus, ultricies eu, nibh. Quisque id justo sit amet sapien dignissim vestibulum. Vestibulum ante ipsum primis in faucibus orci luctus et ultrices posuere cubilia Curae; Nulla dapibus dolor vel est.",00:00.0,00:00.0
580,Garret,Tringham,774,Nulla tellus. In sagittis dui vel nisl.,00:00.0,00:00.0
580,Garret,Tringham,957,Ut tellus. Nulla ut erat id mauris vulputate elementum. Nullam varius. Nulla facilisi.,00:00.0,00:00.0
581,Dean,Dymoke,574,"Proin eu mi. Nulla ac enim. In tempor, turpis nec euismod scelerisque, quam turpis adipiscing lorem, vitae mattis nibh ligula nec sem. Duis aliquam convallis nunc. Proin at turpis a pede posuere nonummy.",00:00.0,00:00.0
585,Dewitt,Heimann,149,"Duis at velit eu est congue elementum. In hac habitasse platea dictumst. Morbi vestibulum, velit id pretium iaculis, diam erat fermentum justo, nec condimentum neque sapien placerat ante. Nulla justo. Aliquam quis turpis eget elit sodales scelerisque.",00:00.0,00:00.0
586,Kaitlin,Bertwistle,404,In hac habitasse platea dictumst. Maecenas ut massa quis augue luctus tincidunt.,00:00.0,00:00.0
587,Molly,Potebury,476,"Nulla suscipit ligula in lacus. Curabitur at ipsum ac tellus semper interdum. Mauris ullamcorper purus sit amet nulla. Quisque arcu libero, rutrum ac, lobortis vel, dapibus at, diam.",00:00.0,00:00.0
588,Konrad,Lamming,328,Etiam justo. Etiam pretium iaculis justo. In hac habitasse platea dictumst.,00:00.0,00:00.0
589,Griff,Heams,9,"Donec odio justo, sollicitudin ut, suscipit a, feugiat et, eros. Vestibulum ac est lacinia nisi venenatis tristique. Fusce congue, diam id ornare imperdiet, sapien urna pretium nisl, ut volutpat sapien arcu sed augue.",00:00.0,00:00.0
589,Griff,Heams,823,Proin at turpis a pede posuere nonummy.,00:00.0,00:00.0
591,Brinna,Danet,315,"Vivamus metus arcu, adipiscing molestie, hendrerit at, vulputate vitae, nisl. Aenean lectus. Pellentesque eget nunc. Donec quis orci eget orci vehicula condimentum. Curabitur in libero ut massa volutpat convallis.",00:00.0,00:00.0
593,Kinsley,Rouby,681,"Integer pede justo, lacinia eget, tincidunt eget, tempus vel, pede. Morbi porttitor lorem id ligula. Suspendisse ornare consequat lectus.",00:00.0,00:00.0
595,Ali,Stainfield,297,"Nulla tellus. In sagittis dui vel nisl. Duis ac nibh. Fusce lacus purus, aliquet at, feugiat non, pretium quis, lectus. Suspendisse potenti.",00:00.0,00:00.0
597,Marysa,Clymo,135,Vestibulum ante ipsum primis in faucibus orci luctus et ultrices posuere cubilia Curae; Nulla dapibus dolor vel est.,00:00.0,00:00.0
598,Nata,Ilson,883,Aenean lectus. Pellentesque eget nunc.,00:00.0,00:00.0
600,Cary,Beek,312,Mauris sit amet eros. Suspendisse accumsan tortor quis turpis. Sed ante. Vivamus tortor.,00:00.0,00:00.0
604,Doralin,Deetch,244,"Nam nulla. Integer pede justo, lacinia eget, tincidunt eget, tempus vel, pede. Morbi porttitor lorem id ligula.",00:00.0,00:00.0
605,Sly,Patterson,192,Mauris sit amet eros. Suspendisse accumsan tortor quis turpis. Sed ante. Vivamus tortor.,00:00.0,00:00.0
606,Nicolina,Brager,543,In congue. Etiam justo. Etiam pretium iaculis justo. In hac habitasse platea dictumst. Etiam faucibus cursus urna.,00:00.0,00:00.0
606,Nicolina,Brager,390,Etiam pretium iaculis justo.,00:00.0,00:00.0
608,Edeline,Aimeric,732,Donec dapibus. Duis at velit eu est congue elementum.,00:00.0,00:00.0
608,Edeline,Aimeric,658,"Donec ut dolor. Morbi vel lectus in quam fringilla rhoncus. Mauris enim leo, rhoncus sed, vestibulum sit amet, cursus id, turpis. Integer aliquet, massa id lobortis convallis, tortor risus dapibus augue, vel accumsan tellus nisi eu orci. Mauris lacinia sapien quis libero.",00:00.0,00:00.0
608,Edeline,Aimeric,739,Nullam porttitor lacus at turpis. Donec posuere metus vitae ipsum. Aliquam non mauris. Morbi non lectus. Aliquam sit amet diam in magna bibendum imperdiet.,00:00.0,00:00.0
611,Pall,Joska,888,"Nam nulla. Integer pede justo, lacinia eget, tincidunt eget, tempus vel, pede.",00:00.0,00:00.0
612,Marga,McClurg,110,Nam dui.,00:00.0,00:00.0
613,El,McNeil,889,"Suspendisse ornare consequat lectus. In est risus, auctor sed, tristique in, tempus sit amet, sem. Fusce consequat.",00:00.0,00:00.0
615,Michel,Ellul,161,Duis bibendum. Morbi non quam nec dui luctus rutrum. Nulla tellus. In sagittis dui vel nisl.,00:00.0,00:00.0
616,Dallas,Alvy,369,Pellentesque at nulla. Suspendisse potenti. Cras in purus eu magna vulputate luctus.,00:00.0,00:00.0
616,Dallas,Alvy,911,"Quisque id justo sit amet sapien dignissim vestibulum. Vestibulum ante ipsum primis in faucibus orci luctus et ultrices posuere cubilia Curae; Nulla dapibus dolor vel est. Donec odio justo, sollicitudin ut, suscipit a, feugiat et, eros. Vestibulum ac est lacinia nisi venenatis tristique. Fusce congue, diam id ornare imperdiet, sapien urna pretium nisl, ut volutpat sapien arcu sed augue.",00:00.0,00:00.0
618,Grissel,McNeillie,693,Duis bibendum. Morbi non quam nec dui luctus rutrum. Nulla tellus.,00:00.0,00:00.0
619,Jaye,Sclater,661,Duis bibendum. Morbi non quam nec dui luctus rutrum.,00:00.0,00:00.0
623,Kristine,Pounds,632,"Donec odio justo, sollicitudin ut, suscipit a, feugiat et, eros. Vestibulum ac est lacinia nisi venenatis tristique. Fusce congue, diam id ornare imperdiet, sapien urna pretium nisl, ut volutpat sapien arcu sed augue.",00:00.0,00:00.0
624,Curcio,Pittem,254,"Aliquam augue quam, sollicitudin vitae, consectetuer eget, rutrum at, lorem. Integer tincidunt ante vel ipsum. Praesent blandit lacinia erat. Vestibulum sed magna at nunc commodo placerat. Praesent blandit.",00:00.0,00:00.0
627,Diana,Boadby,557,"Nam nulla. Integer pede justo, lacinia eget, tincidunt eget, tempus vel, pede. Morbi porttitor lorem id ligula. Suspendisse ornare consequat lectus.",00:00.0,00:00.0
627,Diana,Boadby,761,"In tempor, turpis nec euismod scelerisque, quam turpis adipiscing lorem, vitae mattis nibh ligula nec sem. Duis aliquam convallis nunc.",00:00.0,00:00.0
628,Red,Berge,564,"Nullam orci pede, venenatis non, sodales sed, tincidunt eu, felis. Fusce posuere felis sed lacus. Morbi sem mauris, laoreet ut, rhoncus aliquet, pulvinar sed, nisl. Nunc rhoncus dui vel sem.",00:00.0,00:00.0
629,Kurtis,Bitten,855,"Donec quis orci eget orci vehicula condimentum. Curabitur in libero ut massa volutpat convallis. Morbi odio odio, elementum eu, interdum eu, tincidunt in, leo. Maecenas pulvinar lobortis est.",00:00.0,00:00.0
630,Zitella,Le Franc,879,Nulla ut erat id mauris vulputate elementum. Nullam varius. Nulla facilisi.,00:00.0,00:00.0
631,Fiann,Leif,46,Nullam porttitor lacus at turpis. Donec posuere metus vitae ipsum.,00:00.0,00:00.0
631,Fiann,Leif,577,Duis bibendum. Morbi non quam nec dui luctus rutrum. Nulla tellus. In sagittis dui vel nisl.,00:00.0,00:00.0
635,Wrennie,Lyfield,87,"Vestibulum ac est lacinia nisi venenatis tristique. Fusce congue, diam id ornare imperdiet, sapien urna pretium nisl, ut volutpat sapien arcu sed augue.",00:00.0,00:00.0
636,Robers,Trumpeter,495,In blandit ultrices enim.,00:00.0,00:00.0
637,Eleonore,Pierrepoint,110,Nam dui.,00:00.0,00:00.0
640,Valentijn,Weymouth,902,"Aenean auctor gravida sem. Praesent id massa id nisl venenatis lacinia. Aenean sit amet justo. Morbi ut odio. Cras mi pede, malesuada in, imperdiet et, commodo vulputate, justo.",00:00.0,00:00.0
641,Vally,Smewings,781,"Morbi vestibulum, velit id pretium iaculis, diam erat fermentum justo, nec condimentum neque sapien placerat ante.",00:00.0,00:00.0
642,Lorraine,Morsom,132,"Suspendisse potenti. Cras in purus eu magna vulputate luctus. Cum sociis natoque penatibus et magnis dis parturient montes, nascetur ridiculus mus. Vivamus vestibulum sagittis sapien.",00:00.0,00:00.0
642,Lorraine,Morsom,646,Morbi non quam nec dui luctus rutrum.,00:00.0,00:00.0
643,Hendrick,Ferruzzi,191,"Vestibulum quam sapien, varius ut, blandit non, interdum in, ante. Vestibulum ante ipsum primis in faucibus orci luctus et ultrices posuere cubilia Curae; Duis faucibus accumsan odio. Curabitur convallis. Duis consequat dui nec nisi volutpat eleifend. Donec ut dolor.",00:00.0,00:00.0
644,Pearl,Zoephel,924,Morbi non quam nec dui luctus rutrum.,00:00.0,00:00.0
644,Pearl,Zoephel,845,Duis bibendum. Morbi non quam nec dui luctus rutrum. Nulla tellus. In sagittis dui vel nisl.,00:00.0,00:00.0
645,Lynda,Swansborough,371,"Lorem ipsum dolor sit amet, consectetuer adipiscing elit. Proin risus. Praesent lectus. Vestibulum quam sapien, varius ut, blandit non, interdum in, ante.",00:00.0,00:00.0
646,Giordano,Uzielli,52,"Morbi non lectus. Aliquam sit amet diam in magna bibendum imperdiet. Nullam orci pede, venenatis non, sodales sed, tincidunt eu, felis. Fusce posuere felis sed lacus. Morbi sem mauris, laoreet ut, rhoncus aliquet, pulvinar sed, nisl.",00:00.0,00:00.0
647,Sacha,Bahlmann,229,"Donec vitae nisi. Nam ultrices, libero non mattis pulvinar, nulla pede ullamcorper augue, a suscipit nulla elit ac nulla. Sed vel enim sit amet nunc viverra dapibus. Nulla suscipit ligula in lacus. Curabitur at ipsum ac tellus semper interdum.",00:00.0,00:00.0
647,Sacha,Bahlmann,848,Sed ante. Vivamus tortor. Duis mattis egestas metus. Aenean fermentum. Donec ut mauris eget massa tempor convallis.,00:00.0,00:00.0
649,Charmane,Kroin,70,"Cum sociis natoque penatibus et magnis dis parturient montes, nascetur ridiculus mus.",00:00.0,00:00.0
649,Charmane,Kroin,23,Etiam justo.,00:00.0,00:00.0
657,Hanna,Bertelet,937,"Morbi vel lectus in quam fringilla rhoncus. Mauris enim leo, rhoncus sed, vestibulum sit amet, cursus id, turpis. Integer aliquet, massa id lobortis convallis, tortor risus dapibus augue, vel accumsan tellus nisi eu orci. Mauris lacinia sapien quis libero. Nullam sit amet turpis elementum ligula vehicula consequat.",00:00.0,00:00.0
661,Crichton,Magovern,544,Vestibulum ante ipsum primis in faucibus orci luctus et ultrices posuere cubilia Curae; Nulla dapibus dolor vel est.,00:00.0,00:00.0
662,Chariot,Altofts,188,Nulla tempus.,00:00.0,00:00.0
662,Chariot,Altofts,791,"Quisque erat eros, viverra eget, congue eget, semper rutrum, nulla. Nunc purus.",00:00.0,00:00.0
663,Janot,Burlay,247,"Duis bibendum, felis sed interdum venenatis, turpis enim blandit mi, in porttitor pede justo eu massa. Donec dapibus. Duis at velit eu est congue elementum.",00:00.0,00:00.0
666,Ronna,Turley,361,Aenean lectus.,00:00.0,00:00.0
667,Sansone,Foan,261,Suspendisse potenti. In eleifend quam a odio.,00:00.0,00:00.0
668,Bail,Ilyunin,751,Integer tincidunt ante vel ipsum. Praesent blandit lacinia erat.,00:00.0,00:00.0
668,Bail,Ilyunin,790,"Integer pede justo, lacinia eget, tincidunt eget, tempus vel, pede. Morbi porttitor lorem id ligula.",00:00.0,00:00.0
670,Alexio,Cuerda,379,Nullam porttitor lacus at turpis. Donec posuere metus vitae ipsum. Aliquam non mauris.,00:00.0,00:00.0
672,Gretta,McSweeney,77,Nulla suscipit ligula in lacus. Curabitur at ipsum ac tellus semper interdum. Mauris ullamcorper purus sit amet nulla.,00:00.0,00:00.0
674,Lorinda,d' Elboux,441,Quisque porta volutpat erat.,00:00.0,00:00.0
676,Mord,Hazel,919,Praesent blandit lacinia erat. Vestibulum sed magna at nunc commodo placerat. Praesent blandit.,00:00.0,00:00.0
678,Cozmo,Hornbuckle,15,Ut at dolor quis odio consequat varius.,00:00.0,00:00.0
679,Korney,Cusack,65,Integer tincidunt ante vel ipsum. Praesent blandit lacinia erat.,00:00.0,00:00.0
680,Beverie,Giaomozzo,499,In quis justo.,00:00.0,00:00.0
683,Sam,Hauxby,870,"Quisque porta volutpat erat. Quisque erat eros, viverra eget, congue eget, semper rutrum, nulla. Nunc purus. Phasellus in felis. Donec semper sapien a libero.",00:00.0,00:00.0
684,Franciska,Rentz,22,In sagittis dui vel nisl. Duis ac nibh.,00:00.0,00:00.0
685,Alisha,Duinbleton,249,"Duis bibendum, felis sed interdum venenatis, turpis enim blandit mi, in porttitor pede justo eu massa. Donec dapibus. Duis at velit eu est congue elementum. In hac habitasse platea dictumst. Morbi vestibulum, velit id pretium iaculis, diam erat fermentum justo, nec condimentum neque sapien placerat ante.",00:00.0,00:00.0
686,Lorne,Gadeaux,678,Duis mattis egestas metus.,00:00.0,00:00.0
687,Fremont,Dancy,672,Suspendisse potenti. In eleifend quam a odio. In hac habitasse platea dictumst. Maecenas ut massa quis augue luctus tincidunt.,00:00.0,00:00.0
687,Fremont,Dancy,350,Maecenas ut massa quis augue luctus tincidunt. Nulla mollis molestie lorem.,00:00.0,00:00.0
687,Fremont,Dancy,234,Phasellus sit amet erat.,00:00.0,00:00.0
688,Anett,Ehrat,332,"Duis consequat dui nec nisi volutpat eleifend. Donec ut dolor. Morbi vel lectus in quam fringilla rhoncus. Mauris enim leo, rhoncus sed, vestibulum sit amet, cursus id, turpis.",00:00.0,00:00.0
690,Towney,Trowel,346,"Vivamus metus arcu, adipiscing molestie, hendrerit at, vulputate vitae, nisl. Aenean lectus.",00:00.0,00:00.0
692,Orland,Belden,503,Morbi non lectus.,00:00.0,00:00.0
693,Hansiain,Norssister,965,Aliquam quis turpis eget elit sodales scelerisque.,00:00.0,00:00.0
694,Carlin,Kroll,265,Aenean sit amet justo. Morbi ut odio.,00:00.0,00:00.0
699,Forrest,Hare,225,Sed accumsan felis.,00:00.0,00:00.0
701,Merwyn,Floyed,480,"Integer non velit. Donec diam neque, vestibulum eget, vulputate ut, ultrices vel, augue. Vestibulum ante ipsum primis in faucibus orci luctus et ultrices posuere cubilia Curae; Donec pharetra, magna vestibulum aliquet ultrices, erat tortor sollicitudin mi, sit amet lobortis sapien sapien non mi. Integer ac neque. Duis bibendum.",00:00.0,00:00.0
701,Merwyn,Floyed,93,"Suspendisse ornare consequat lectus. In est risus, auctor sed, tristique in, tempus sit amet, sem. Fusce consequat. Nulla nisl. Nunc nisl.",00:00.0,00:00.0
702,Dene,Grishukhin,797,Nulla ut erat id mauris vulputate elementum.,00:00.0,00:00.0
702,Dene,Grishukhin,941,"Morbi odio odio, elementum eu, interdum eu, tincidunt in, leo. Maecenas pulvinar lobortis est. Phasellus sit amet erat. Nulla tempus. Vivamus in felis eu sapien cursus vestibulum.",00:00.0,00:00.0
704,Cally,O'Fihily,814,"Cras mi pede, malesuada in, imperdiet et, commodo vulputate, justo. In blandit ultrices enim.",00:00.0,00:00.0
705,Tore,Lethlay,212,Integer tincidunt ante vel ipsum. Praesent blandit lacinia erat.,00:00.0,00:00.0
706,Jesselyn,Werner,970,"Integer aliquet, massa id lobortis convallis, tortor risus dapibus augue, vel accumsan tellus nisi eu orci. Mauris lacinia sapien quis libero.",00:00.0,00:00.0
706,Jesselyn,Werner,112,Sed accumsan felis.,00:00.0,00:00.0
708,Athene,Bushrod,96,"Donec vitae nisi. Nam ultrices, libero non mattis pulvinar, nulla pede ullamcorper augue, a suscipit nulla elit ac nulla.",00:00.0,00:00.0
708,Athene,Bushrod,86,Sed accumsan felis. Ut at dolor quis odio consequat varius. Integer ac leo. Pellentesque ultrices mattis odio. Donec vitae nisi.,00:00.0,00:00.0
709,Albina,Weeke,227,"Nulla tellus. In sagittis dui vel nisl. Duis ac nibh. Fusce lacus purus, aliquet at, feugiat non, pretium quis, lectus.",00:00.0,00:00.0
710,Nickie,Stephens,168,"Morbi sem mauris, laoreet ut, rhoncus aliquet, pulvinar sed, nisl. Nunc rhoncus dui vel sem. Sed sagittis. Nam congue, risus semper porta volutpat, quam pede lobortis ligula, sit amet eleifend pede libero quis orci.",00:00.0,00:00.0
711,Georgianne,Nottingham,367,"Donec vitae nisi. Nam ultrices, libero non mattis pulvinar, nulla pede ullamcorper augue, a suscipit nulla elit ac nulla. Sed vel enim sit amet nunc viverra dapibus.",00:00.0,00:00.0
711,Georgianne,Nottingham,166,"Vestibulum ac est lacinia nisi venenatis tristique. Fusce congue, diam id ornare imperdiet, sapien urna pretium nisl, ut volutpat sapien arcu sed augue. Aliquam erat volutpat.",00:00.0,00:00.0
711,Georgianne,Nottingham,858,"Suspendisse potenti. Cras in purus eu magna vulputate luctus. Cum sociis natoque penatibus et magnis dis parturient montes, nascetur ridiculus mus. Vivamus vestibulum sagittis sapien. Cum sociis natoque penatibus et magnis dis parturient montes, nascetur ridiculus mus.",00:00.0,00:00.0
712,Sybille,Bubbear,460,Sed sagittis.,00:00.0,00:00.0
715,Miguel,Bogges,202,Vivamus vestibulum sagittis sapien.,00:00.0,00:00.0
715,Miguel,Bogges,949,"Nulla neque libero, convallis eget, eleifend luctus, ultricies eu, nibh. Quisque id justo sit amet sapien dignissim vestibulum. Vestibulum ante ipsum primis in faucibus orci luctus et ultrices posuere cubilia Curae; Nulla dapibus dolor vel est. Donec odio justo, sollicitudin ut, suscipit a, feugiat et, eros. Vestibulum ac est lacinia nisi venenatis tristique.",00:00.0,00:00.0
717,Luce,Lettsom,917,"Cras pellentesque volutpat dui. Maecenas tristique, est et tempus semper, est quam pharetra magna, ac consequat metus sapien ut nunc. Vestibulum ante ipsum primis in faucibus orci luctus et ultrices posuere cubilia Curae; Mauris viverra diam vitae quam. Suspendisse potenti. Nullam porttitor lacus at turpis.",00:00.0,00:00.0
717,Luce,Lettsom,167,"Praesent id massa id nisl venenatis lacinia. Aenean sit amet justo. Morbi ut odio. Cras mi pede, malesuada in, imperdiet et, commodo vulputate, justo.",00:00.0,00:00.0
721,Kim,Hannaway,617,Phasellus in felis.,00:00.0,00:00.0
723,Holden,Goodlett,162,Morbi non lectus.,00:00.0,00:00.0
724,Laughton,Schiesterl,877,"Curabitur at ipsum ac tellus semper interdum. Mauris ullamcorper purus sit amet nulla. Quisque arcu libero, rutrum ac, lobortis vel, dapibus at, diam. Nam tristique tortor eu pede.",00:00.0,00:00.0
728,Editha,January,243,"Donec odio justo, sollicitudin ut, suscipit a, feugiat et, eros.",00:00.0,00:00.0
730,Natividad,Barnes,137,Nulla tempus.,00:00.0,00:00.0
731,Beniamino,MacCauley,799,"Lorem ipsum dolor sit amet, consectetuer adipiscing elit. Proin interdum mauris non ligula pellentesque ultrices. Phasellus id sapien in sapien iaculis congue. Vivamus metus arcu, adipiscing molestie, hendrerit at, vulputate vitae, nisl.",00:00.0,00:00.0
733,Mattie,Purver,986,"Morbi vel lectus in quam fringilla rhoncus. Mauris enim leo, rhoncus sed, vestibulum sit amet, cursus id, turpis. Integer aliquet, massa id lobortis convallis, tortor risus dapibus augue, vel accumsan tellus nisi eu orci. Mauris lacinia sapien quis libero.",00:00.0,00:00.0
735,Bettye,Badrick,333,"Lorem ipsum dolor sit amet, consectetuer adipiscing elit. Proin interdum mauris non ligula pellentesque ultrices.",00:00.0,00:00.0
736,Ansell,Svanini,410,"Vivamus vestibulum sagittis sapien. Cum sociis natoque penatibus et magnis dis parturient montes, nascetur ridiculus mus. Etiam vel augue. Vestibulum rutrum rutrum neque. Aenean auctor gravida sem.",00:00.0,00:00.0
738,Bessy,Francillo,928,Quisque id justo sit amet sapien dignissim vestibulum. Vestibulum ante ipsum primis in faucibus orci luctus et ultrices posuere cubilia Curae; Nulla dapibus dolor vel est.,00:00.0,00:00.0
738,Bessy,Francillo,693,Duis bibendum. Morbi non quam nec dui luctus rutrum. Nulla tellus.,00:00.0,00:00.0
740,Ernst,Gooderham,379,Nullam porttitor lacus at turpis. Donec posuere metus vitae ipsum. Aliquam non mauris.,00:00.0,00:00.0
741,Reinwald,Gasson,169,Morbi porttitor lorem id ligula. Suspendisse ornare consequat lectus.,00:00.0,00:00.0
742,Mela,Robrow,311,Aenean lectus. Pellentesque eget nunc.,00:00.0,00:00.0
743,Darice,Corrington,89,Etiam justo. Etiam pretium iaculis justo.,00:00.0,00:00.0
743,Darice,Corrington,34,"Maecenas tristique, est et tempus semper, est quam pharetra magna, ac consequat metus sapien ut nunc. Vestibulum ante ipsum primis in faucibus orci luctus et ultrices posuere cubilia Curae; Mauris viverra diam vitae quam. Suspendisse potenti. Nullam porttitor lacus at turpis. Donec posuere metus vitae ipsum.",00:00.0,00:00.0
745,Piper,Botha,358,"Donec posuere metus vitae ipsum. Aliquam non mauris. Morbi non lectus. Aliquam sit amet diam in magna bibendum imperdiet. Nullam orci pede, venenatis non, sodales sed, tincidunt eu, felis.",00:00.0,00:00.0
745,Piper,Botha,955,Aliquam quis turpis eget elit sodales scelerisque. Mauris sit amet eros.,00:00.0,00:00.0
747,Hamil,Allabarton,208,"In est risus, auctor sed, tristique in, tempus sit amet, sem. Fusce consequat. Nulla nisl. Nunc nisl.",00:00.0,00:00.0
747,Hamil,Allabarton,591,Quisque id justo sit amet sapien dignissim vestibulum. Vestibulum ante ipsum primis in faucibus orci luctus et ultrices posuere cubilia Curae; Nulla dapibus dolor vel est.,00:00.0,00:00.0
748,Gardner,Greatreax,151,"Donec ut dolor. Morbi vel lectus in quam fringilla rhoncus. Mauris enim leo, rhoncus sed, vestibulum sit amet, cursus id, turpis.",00:00.0,00:00.0
748,Gardner,Greatreax,300,Maecenas ut massa quis augue luctus tincidunt. Nulla mollis molestie lorem. Quisque ut erat.,00:00.0,00:00.0
749,Maddalena,Rugge,972,In quis justo. Maecenas rhoncus aliquam lacus. Morbi quis tortor id nulla ultrices aliquet.,00:00.0,00:00.0
749,Maddalena,Rugge,609,"Cras pellentesque volutpat dui. Maecenas tristique, est et tempus semper, est quam pharetra magna, ac consequat metus sapien ut nunc.",00:00.0,00:00.0
750,Dawna,Wilbraham,356,Sed accumsan felis. Ut at dolor quis odio consequat varius. Integer ac leo. Pellentesque ultrices mattis odio.,00:00.0,00:00.0
750,Dawna,Wilbraham,416,"Nam congue, risus semper porta volutpat, quam pede lobortis ligula, sit amet eleifend pede libero quis orci. Nullam molestie nibh in lectus. Pellentesque at nulla. Suspendisse potenti.",00:00.0,00:00.0
750,Dawna,Wilbraham,663,"Vivamus metus arcu, adipiscing molestie, hendrerit at, vulputate vitae, nisl. Aenean lectus.",00:00.0,00:00.0
753,Wilt,Tick,577,Duis bibendum. Morbi non quam nec dui luctus rutrum. Nulla tellus. In sagittis dui vel nisl.,00:00.0,00:00.0
755,Kellina,Fausch,124,"Aliquam augue quam, sollicitudin vitae, consectetuer eget, rutrum at, lorem. Integer tincidunt ante vel ipsum. Praesent blandit lacinia erat.",00:00.0,00:00.0
756,Leora,Pegg,250,"Nullam orci pede, venenatis non, sodales sed, tincidunt eu, felis. Fusce posuere felis sed lacus. Morbi sem mauris, laoreet ut, rhoncus aliquet, pulvinar sed, nisl. Nunc rhoncus dui vel sem. Sed sagittis.",00:00.0,00:00.0
759,Saba,Reven,675,Vivamus tortor.,00:00.0,00:00.0
759,Saba,Reven,798,Sed ante. Vivamus tortor. Duis mattis egestas metus. Aenean fermentum. Donec ut mauris eget massa tempor convallis.,00:00.0,00:00.0
760,Kiley,Bener,772,"Morbi non lectus. Aliquam sit amet diam in magna bibendum imperdiet. Nullam orci pede, venenatis non, sodales sed, tincidunt eu, felis. Fusce posuere felis sed lacus.",00:00.0,00:00.0
760,Kiley,Bener,61,Curabitur gravida nisi at nibh. In hac habitasse platea dictumst.,00:00.0,00:00.0
761,Lorelle,Wolver,572,"Phasellus id sapien in sapien iaculis congue. Vivamus metus arcu, adipiscing molestie, hendrerit at, vulputate vitae, nisl. Aenean lectus.",00:00.0,00:00.0
762,Sherrie,Giacopazzi,104,"Nam congue, risus semper porta volutpat, quam pede lobortis ligula, sit amet eleifend pede libero quis orci. Nullam molestie nibh in lectus. Pellentesque at nulla. Suspendisse potenti. Cras in purus eu magna vulputate luctus.",00:00.0,00:00.0
762,Sherrie,Giacopazzi,965,Aliquam quis turpis eget elit sodales scelerisque.,00:00.0,00:00.0
762,Sherrie,Giacopazzi,378,Suspendisse potenti.,00:00.0,00:00.0
762,Sherrie,Giacopazzi,799,"Lorem ipsum dolor sit amet, consectetuer adipiscing elit. Proin interdum mauris non ligula pellentesque ultrices. Phasellus id sapien in sapien iaculis congue. Vivamus metus arcu, adipiscing molestie, hendrerit at, vulputate vitae, nisl.",00:00.0,00:00.0
763,Dalis,Aldred,527,Proin eu mi. Nulla ac enim.,00:00.0,00:00.0
764,Frans,Aristide,619,"Vivamus vestibulum sagittis sapien. Cum sociis natoque penatibus et magnis dis parturient montes, nascetur ridiculus mus. Etiam vel augue. Vestibulum rutrum rutrum neque.",00:00.0,00:00.0
765,Jeth,Barnshaw,713,Morbi a ipsum. Integer a nibh. In quis justo. Maecenas rhoncus aliquam lacus.,00:00.0,00:00.0
766,Tito,Furber,956,"Duis bibendum, felis sed interdum venenatis, turpis enim blandit mi, in porttitor pede justo eu massa.",00:00.0,00:00.0
767,Shelton,Ellar,480,"Integer non velit. Donec diam neque, vestibulum eget, vulputate ut, ultrices vel, augue. Vestibulum ante ipsum primis in faucibus orci luctus et ultrices posuere cubilia Curae; Donec pharetra, magna vestibulum aliquet ultrices, erat tortor sollicitudin mi, sit amet lobortis sapien sapien non mi. Integer ac neque. Duis bibendum.",00:00.0,00:00.0
767,Shelton,Ellar,620,Sed accumsan felis. Ut at dolor quis odio consequat varius. Integer ac leo.,00:00.0,00:00.0
768,Cory,Championnet,687,"Aliquam augue quam, sollicitudin vitae, consectetuer eget, rutrum at, lorem.",00:00.0,00:00.0
768,Cory,Championnet,62,Donec ut dolor.,00:00.0,00:00.0
769,Phillipp,Zambon,264,Nulla suscipit ligula in lacus.,00:00.0,00:00.0
769,Phillipp,Zambon,365,"Duis mattis egestas metus. Aenean fermentum. Donec ut mauris eget massa tempor convallis. Nulla neque libero, convallis eget, eleifend luctus, ultricies eu, nibh.",00:00.0,00:00.0
769,Phillipp,Zambon,632,"Donec odio justo, sollicitudin ut, suscipit a, feugiat et, eros. Vestibulum ac est lacinia nisi venenatis tristique. Fusce congue, diam id ornare imperdiet, sapien urna pretium nisl, ut volutpat sapien arcu sed augue.",00:00.0,00:00.0
771,Katha,Shave,910,"Fusce congue, diam id ornare imperdiet, sapien urna pretium nisl, ut volutpat sapien arcu sed augue. Aliquam erat volutpat.",00:00.0,00:00.0
771,Katha,Shave,345,Morbi a ipsum. Integer a nibh. In quis justo.,00:00.0,00:00.0
772,Tracy,Trayford,731,"Curabitur in libero ut massa volutpat convallis. Morbi odio odio, elementum eu, interdum eu, tincidunt in, leo. Maecenas pulvinar lobortis est. Phasellus sit amet erat. Nulla tempus.",00:00.0,00:00.0
773,Steffane,Castanyer,831,Duis bibendum.,00:00.0,00:00.0
774,Dun,Mettricke,979,"Maecenas tristique, est et tempus semper, est quam pharetra magna, ac consequat metus sapien ut nunc. Vestibulum ante ipsum primis in faucibus orci luctus et ultrices posuere cubilia Curae; Mauris viverra diam vitae quam.",00:00.0,00:00.0
775,Agosto,Dury,285,Proin interdum mauris non ligula pellentesque ultrices. Phasellus id sapien in sapien iaculis congue.,00:00.0,00:00.0
775,Agosto,Dury,683,Phasellus sit amet erat. Nulla tempus. Vivamus in felis eu sapien cursus vestibulum. Proin eu mi.,00:00.0,00:00.0
776,Charlie,Hurdis,430,"Cras mi pede, malesuada in, imperdiet et, commodo vulputate, justo. In blandit ultrices enim. Lorem ipsum dolor sit amet, consectetuer adipiscing elit. Proin interdum mauris non ligula pellentesque ultrices. Phasellus id sapien in sapien iaculis congue.",00:00.0,00:00.0
778,Ora,Roderighi,805,Etiam faucibus cursus urna. Ut tellus. Nulla ut erat id mauris vulputate elementum. Nullam varius.,00:00.0,00:00.0
781,Henderson,Mechan,443,Nulla ut erat id mauris vulputate elementum. Nullam varius.,00:00.0,00:00.0
782,Neda,Venmore,922,Suspendisse potenti.,00:00.0,00:00.0
785,Corrine,Franschini,225,Sed accumsan felis.,00:00.0,00:00.0
785,Corrine,Franschini,319,"Donec odio justo, sollicitudin ut, suscipit a, feugiat et, eros. Vestibulum ac est lacinia nisi venenatis tristique.",00:00.0,00:00.0
785,Corrine,Franschini,908,Morbi a ipsum.,00:00.0,00:00.0
786,Leanora,Zapater,828,Aenean auctor gravida sem. Praesent id massa id nisl venenatis lacinia.,00:00.0,00:00.0
789,Tabbie,Skingley,857,"Morbi quis tortor id nulla ultrices aliquet. Maecenas leo odio, condimentum id, luctus nec, molestie sed, justo. Pellentesque viverra pede ac diam.",00:00.0,00:00.0
791,Irwinn,Gerhts,540,"Vestibulum sed magna at nunc commodo placerat. Praesent blandit. Nam nulla. Integer pede justo, lacinia eget, tincidunt eget, tempus vel, pede. Morbi porttitor lorem id ligula.",00:00.0,00:00.0
791,Irwinn,Gerhts,545,"Fusce consequat. Nulla nisl. Nunc nisl. Duis bibendum, felis sed interdum venenatis, turpis enim blandit mi, in porttitor pede justo eu massa.",00:00.0,00:00.0
791,Irwinn,Gerhts,105,Integer tincidunt ante vel ipsum. Praesent blandit lacinia erat. Vestibulum sed magna at nunc commodo placerat. Praesent blandit.,00:00.0,00:00.0
791,Irwinn,Gerhts,395,"Fusce congue, diam id ornare imperdiet, sapien urna pretium nisl, ut volutpat sapien arcu sed augue. Aliquam erat volutpat. In congue.",00:00.0,00:00.0
791,Irwinn,Gerhts,447,Vivamus tortor. Duis mattis egestas metus. Aenean fermentum. Donec ut mauris eget massa tempor convallis.,00:00.0,00:00.0
793,Celina,Merlin,873,"Aliquam non mauris. Morbi non lectus. Aliquam sit amet diam in magna bibendum imperdiet. Nullam orci pede, venenatis non, sodales sed, tincidunt eu, felis. Fusce posuere felis sed lacus.",00:00.0,00:00.0
793,Celina,Merlin,724,"Fusce lacus purus, aliquet at, feugiat non, pretium quis, lectus. Suspendisse potenti.",00:00.0,00:00.0
796,Cherice,Punt,706,"Integer pede justo, lacinia eget, tincidunt eget, tempus vel, pede. Morbi porttitor lorem id ligula. Suspendisse ornare consequat lectus. In est risus, auctor sed, tristique in, tempus sit amet, sem.",00:00.0,00:00.0
797,Tris,Franchioni,287,Vestibulum rutrum rutrum neque. Aenean auctor gravida sem. Praesent id massa id nisl venenatis lacinia.,00:00.0,00:00.0
797,Tris,Franchioni,492,"Maecenas leo odio, condimentum id, luctus nec, molestie sed, justo. Pellentesque viverra pede ac diam. Cras pellentesque volutpat dui.",00:00.0,00:00.0
797,Tris,Franchioni,592,"Morbi sem mauris, laoreet ut, rhoncus aliquet, pulvinar sed, nisl. Nunc rhoncus dui vel sem. Sed sagittis. Nam congue, risus semper porta volutpat, quam pede lobortis ligula, sit amet eleifend pede libero quis orci.",00:00.0,00:00.0
798,Clarabelle,Nafzger,420,"Morbi vestibulum, velit id pretium iaculis, diam erat fermentum justo, nec condimentum neque sapien placerat ante. Nulla justo.",00:00.0,00:00.0
799,Vikky,McArtan,37,"In est risus, auctor sed, tristique in, tempus sit amet, sem. Fusce consequat.",00:00.0,00:00.0
799,Vikky,McArtan,455,"Nunc nisl. Duis bibendum, felis sed interdum venenatis, turpis enim blandit mi, in porttitor pede justo eu massa. Donec dapibus. Duis at velit eu est congue elementum.",00:00.0,00:00.0
801,Berget,Comben,577,Duis bibendum. Morbi non quam nec dui luctus rutrum. Nulla tellus. In sagittis dui vel nisl.,00:00.0,00:00.0
804,Jaquenetta,Stenners,527,Proin eu mi. Nulla ac enim.,00:00.0,00:00.0
805,Coop,Phelit,589,"Vivamus vestibulum sagittis sapien. Cum sociis natoque penatibus et magnis dis parturient montes, nascetur ridiculus mus. Etiam vel augue. Vestibulum rutrum rutrum neque. Aenean auctor gravida sem.",00:00.0,00:00.0
805,Coop,Phelit,379,Nullam porttitor lacus at turpis. Donec posuere metus vitae ipsum. Aliquam non mauris.,00:00.0,00:00.0
807,Blondelle,Pendlenton,362,"Donec diam neque, vestibulum eget, vulputate ut, ultrices vel, augue. Vestibulum ante ipsum primis in faucibus orci luctus et ultrices posuere cubilia Curae; Donec pharetra, magna vestibulum aliquet ultrices, erat tortor sollicitudin mi, sit amet lobortis sapien sapien non mi. Integer ac neque. Duis bibendum.",00:00.0,00:00.0
808,Borg,Gabbitus,534,"Vivamus vestibulum sagittis sapien. Cum sociis natoque penatibus et magnis dis parturient montes, nascetur ridiculus mus.",00:00.0,00:00.0
811,Gerrilee,Sarfas,736,"Donec diam neque, vestibulum eget, vulputate ut, ultrices vel, augue.",00:00.0,00:00.0
813,Eugen,Renfield,778,"Nunc rhoncus dui vel sem. Sed sagittis. Nam congue, risus semper porta volutpat, quam pede lobortis ligula, sit amet eleifend pede libero quis orci. Nullam molestie nibh in lectus. Pellentesque at nulla.",00:00.0,00:00.0
815,Stephenie,Shinn,401,Curabitur convallis. Duis consequat dui nec nisi volutpat eleifend. Donec ut dolor.,00:00.0,00:00.0
815,Stephenie,Shinn,548,"Vivamus tortor. Duis mattis egestas metus. Aenean fermentum. Donec ut mauris eget massa tempor convallis. Nulla neque libero, convallis eget, eleifend luctus, ultricies eu, nibh.",00:00.0,00:00.0
818,Miguel,Dunstall,213,Pellentesque at nulla.,00:00.0,00:00.0
820,Silas,Byron,646,Morbi non quam nec dui luctus rutrum.,00:00.0,00:00.0
823,Delora,Rawe,436,Aliquam quis turpis eget elit sodales scelerisque. Mauris sit amet eros. Suspendisse accumsan tortor quis turpis. Sed ante. Vivamus tortor.,00:00.0,00:00.0
824,Adolph,Westlake,873,"Aliquam non mauris. Morbi non lectus. Aliquam sit amet diam in magna bibendum imperdiet. Nullam orci pede, venenatis non, sodales sed, tincidunt eu, felis. Fusce posuere felis sed lacus.",00:00.0,00:00.0
826,Douglass,MacCartair,614,Sed accumsan felis. Ut at dolor quis odio consequat varius. Integer ac leo. Pellentesque ultrices mattis odio.,00:00.0,00:00.0
827,Richard,Leathart,926,In hac habitasse platea dictumst.,00:00.0,00:00.0
830,Pamella,Barnewille,967,"Nunc nisl. Duis bibendum, felis sed interdum venenatis, turpis enim blandit mi, in porttitor pede justo eu massa. Donec dapibus.",00:00.0,00:00.0
836,Emmeline,Christofides,653,"Donec odio justo, sollicitudin ut, suscipit a, feugiat et, eros. Vestibulum ac est lacinia nisi venenatis tristique. Fusce congue, diam id ornare imperdiet, sapien urna pretium nisl, ut volutpat sapien arcu sed augue. Aliquam erat volutpat. In congue.",00:00.0,00:00.0
837,Barb,Hevner,160,"Maecenas leo odio, condimentum id, luctus nec, molestie sed, justo. Pellentesque viverra pede ac diam.",00:00.0,00:00.0
838,Alessandra,Bigly,840,"Duis bibendum, felis sed interdum venenatis, turpis enim blandit mi, in porttitor pede justo eu massa. Donec dapibus.",00:00.0,00:00.0
838,Alessandra,Bigly,367,"Donec vitae nisi. Nam ultrices, libero non mattis pulvinar, nulla pede ullamcorper augue, a suscipit nulla elit ac nulla. Sed vel enim sit amet nunc viverra dapibus.",00:00.0,00:00.0
840,Ester,Truse,148,Integer a nibh. In quis justo.,00:00.0,00:00.0
841,Rowland,Niemiec,332,"Duis consequat dui nec nisi volutpat eleifend. Donec ut dolor. Morbi vel lectus in quam fringilla rhoncus. Mauris enim leo, rhoncus sed, vestibulum sit amet, cursus id, turpis.",00:00.0,00:00.0
842,Perl,Chivers,341,Morbi ut odio.,00:00.0,00:00.0
844,Eimile,Lobe,347,"Maecenas tristique, est et tempus semper, est quam pharetra magna, ac consequat metus sapien ut nunc. Vestibulum ante ipsum primis in faucibus orci luctus et ultrices posuere cubilia Curae; Mauris viverra diam vitae quam. Suspendisse potenti. Nullam porttitor lacus at turpis. Donec posuere metus vitae ipsum.",00:00.0,00:00.0
846,Berk,Mozzetti,169,Morbi porttitor lorem id ligula. Suspendisse ornare consequat lectus.,00:00.0,00:00.0
846,Berk,Mozzetti,549,In eleifend quam a odio. In hac habitasse platea dictumst. Maecenas ut massa quis augue luctus tincidunt. Nulla mollis molestie lorem. Quisque ut erat.,00:00.0,00:00.0
850,Viola,Griffithe,791,"Quisque erat eros, viverra eget, congue eget, semper rutrum, nulla. Nunc purus.",00:00.0,00:00.0
850,Viola,Griffithe,130,"Nullam orci pede, venenatis non, sodales sed, tincidunt eu, felis.",00:00.0,00:00.0
852,Jerry,Ivchenko,919,Praesent blandit lacinia erat. Vestibulum sed magna at nunc commodo placerat. Praesent blandit.,00:00.0,00:00.0
852,Jerry,Ivchenko,460,Sed sagittis.,00:00.0,00:00.0
858,Amelia,Alen,161,Duis bibendum. Morbi non quam nec dui luctus rutrum. Nulla tellus. In sagittis dui vel nisl.,00:00.0,00:00.0
859,Earlie,Stidston,87,"Vestibulum ac est lacinia nisi venenatis tristique. Fusce congue, diam id ornare imperdiet, sapien urna pretium nisl, ut volutpat sapien arcu sed augue.",00:00.0,00:00.0
860,Vilhelmina,Hadcock,733,Aenean lectus. Pellentesque eget nunc. Donec quis orci eget orci vehicula condimentum. Curabitur in libero ut massa volutpat convallis.,00:00.0,00:00.0
861,Sam,Jorry,717,Nullam sit amet turpis elementum ligula vehicula consequat. Morbi a ipsum.,00:00.0,00:00.0
861,Sam,Jorry,675,Vivamus tortor.,00:00.0,00:00.0
870,Dalt,Lunn,360,"Sed vel enim sit amet nunc viverra dapibus. Nulla suscipit ligula in lacus. Curabitur at ipsum ac tellus semper interdum. Mauris ullamcorper purus sit amet nulla. Quisque arcu libero, rutrum ac, lobortis vel, dapibus at, diam.",00:00.0,00:00.0
870,Dalt,Lunn,304,Maecenas pulvinar lobortis est. Phasellus sit amet erat.,00:00.0,00:00.0
871,Brocky,Edser,376,"Fusce congue, diam id ornare imperdiet, sapien urna pretium nisl, ut volutpat sapien arcu sed augue. Aliquam erat volutpat.",00:00.0,00:00.0
872,Molly,Reilly,536,"Nunc nisl. Duis bibendum, felis sed interdum venenatis, turpis enim blandit mi, in porttitor pede justo eu massa. Donec dapibus. Duis at velit eu est congue elementum.",00:00.0,00:00.0
873,Dolly,Ballach,400,Curabitur convallis. Duis consequat dui nec nisi volutpat eleifend. Donec ut dolor.,00:00.0,00:00.0
874,Lorrie,Geake,597,"Donec vitae nisi. Nam ultrices, libero non mattis pulvinar, nulla pede ullamcorper augue, a suscipit nulla elit ac nulla. Sed vel enim sit amet nunc viverra dapibus. Nulla suscipit ligula in lacus. Curabitur at ipsum ac tellus semper interdum.",00:00.0,00:00.0
876,Harriet,Scard,107,"Nulla ac enim. In tempor, turpis nec euismod scelerisque, quam turpis adipiscing lorem, vitae mattis nibh ligula nec sem.",00:00.0,00:00.0
876,Harriet,Scard,398,"Sed sagittis. Nam congue, risus semper porta volutpat, quam pede lobortis ligula, sit amet eleifend pede libero quis orci. Nullam molestie nibh in lectus. Pellentesque at nulla. Suspendisse potenti.",00:00.0,00:00.0
879,Franky,Lauchlan,645,Vestibulum sed magna at nunc commodo placerat.,00:00.0,00:00.0
879,Franky,Lauchlan,589,"Vivamus vestibulum sagittis sapien. Cum sociis natoque penatibus et magnis dis parturient montes, nascetur ridiculus mus. Etiam vel augue. Vestibulum rutrum rutrum neque. Aenean auctor gravida sem.",00:00.0,00:00.0
880,Adi,Sickling,898,"Ut at dolor quis odio consequat varius. Integer ac leo. Pellentesque ultrices mattis odio. Donec vitae nisi. Nam ultrices, libero non mattis pulvinar, nulla pede ullamcorper augue, a suscipit nulla elit ac nulla.",00:00.0,00:00.0
880,Adi,Sickling,902,"Aenean auctor gravida sem. Praesent id massa id nisl venenatis lacinia. Aenean sit amet justo. Morbi ut odio. Cras mi pede, malesuada in, imperdiet et, commodo vulputate, justo.",00:00.0,00:00.0
881,Sayers,Hadfield,797,Nulla ut erat id mauris vulputate elementum.,00:00.0,00:00.0
885,Emmet,Foort,706,"Integer pede justo, lacinia eget, tincidunt eget, tempus vel, pede. Morbi porttitor lorem id ligula. Suspendisse ornare consequat lectus. In est risus, auctor sed, tristique in, tempus sit amet, sem.",00:00.0,00:00.0
887,Bo,Hardin,180,"Duis at velit eu est congue elementum. In hac habitasse platea dictumst. Morbi vestibulum, velit id pretium iaculis, diam erat fermentum justo, nec condimentum neque sapien placerat ante.",00:00.0,00:00.0
888,Theda,Ellesworth,713,Morbi a ipsum. Integer a nibh. In quis justo. Maecenas rhoncus aliquam lacus.,00:00.0,00:00.0
889,Rhodia,Common,222,"Nam congue, risus semper porta volutpat, quam pede lobortis ligula, sit amet eleifend pede libero quis orci. Nullam molestie nibh in lectus. Pellentesque at nulla. Suspendisse potenti. Cras in purus eu magna vulputate luctus.",00:00.0,00:00.0
890,Brewster,Vasyutkin,536,"Nunc nisl. Duis bibendum, felis sed interdum venenatis, turpis enim blandit mi, in porttitor pede justo eu massa. Donec dapibus. Duis at velit eu est congue elementum.",00:00.0,00:00.0
890,Brewster,Vasyutkin,395,"Fusce congue, diam id ornare imperdiet, sapien urna pretium nisl, ut volutpat sapien arcu sed augue. Aliquam erat volutpat. In congue.",00:00.0,00:00.0
890,Brewster,Vasyutkin,613,"Quisque porta volutpat erat. Quisque erat eros, viverra eget, congue eget, semper rutrum, nulla. Nunc purus.",00:00.0,00:00.0
894,Burk,Owens,943,Mauris lacinia sapien quis libero.,00:00.0,00:00.0
898,Martino,Acory,987,"Integer aliquet, massa id lobortis convallis, tortor risus dapibus augue, vel accumsan tellus nisi eu orci. Mauris lacinia sapien quis libero. Nullam sit amet turpis elementum ligula vehicula consequat. Morbi a ipsum. Integer a nibh.",00:00.0,00:00.0
899,Jerrilyn,Bottby,971,Vivamus tortor. Duis mattis egestas metus.,00:00.0,00:00.0
899,Jerrilyn,Bottby,574,"Proin eu mi. Nulla ac enim. In tempor, turpis nec euismod scelerisque, quam turpis adipiscing lorem, vitae mattis nibh ligula nec sem. Duis aliquam convallis nunc. Proin at turpis a pede posuere nonummy.",00:00.0,00:00.0
901,Milton,Alflatt,674,Duis consequat dui nec nisi volutpat eleifend.,00:00.0,00:00.0
901,Milton,Alflatt,667,Vivamus tortor. Duis mattis egestas metus.,00:00.0,00:00.0
903,Allene,Stainton,110,Nam dui.,00:00.0,00:00.0
903,Allene,Stainton,191,"Vestibulum quam sapien, varius ut, blandit non, interdum in, ante. Vestibulum ante ipsum primis in faucibus orci luctus et ultrices posuere cubilia Curae; Duis faucibus accumsan odio. Curabitur convallis. Duis consequat dui nec nisi volutpat eleifend. Donec ut dolor.",00:00.0,00:00.0
904,Nissy,Higford,143,Maecenas pulvinar lobortis est.,00:00.0,00:00.0
906,Allyn,Cammell,809,Donec dapibus. Duis at velit eu est congue elementum.,00:00.0,00:00.0
906,Allyn,Cammell,844,"Cras in purus eu magna vulputate luctus. Cum sociis natoque penatibus et magnis dis parturient montes, nascetur ridiculus mus.",00:00.0,00:00.0
908,Rozalin,Larham,589,"Vivamus vestibulum sagittis sapien. Cum sociis natoque penatibus et magnis dis parturient montes, nascetur ridiculus mus. Etiam vel augue. Vestibulum rutrum rutrum neque. Aenean auctor gravida sem.",00:00.0,00:00.0
910,Gwendolyn,Gartshore,302,Morbi vel lectus in quam fringilla rhoncus.,00:00.0,00:00.0
910,Gwendolyn,Gartshore,817,"Nam nulla. Integer pede justo, lacinia eget, tincidunt eget, tempus vel, pede. Morbi porttitor lorem id ligula. Suspendisse ornare consequat lectus.",00:00.0,00:00.0
911,Delila,Nowakowski,728,"Lorem ipsum dolor sit amet, consectetuer adipiscing elit. Proin risus. Praesent lectus. Vestibulum quam sapien, varius ut, blandit non, interdum in, ante. Vestibulum ante ipsum primis in faucibus orci luctus et ultrices posuere cubilia Curae; Duis faucibus accumsan odio.",00:00.0,00:00.0
916,Freddy,Valek,426,"Integer pede justo, lacinia eget, tincidunt eget, tempus vel, pede. Morbi porttitor lorem id ligula. Suspendisse ornare consequat lectus.",00:00.0,00:00.0
916,Freddy,Valek,947,"In hac habitasse platea dictumst. Aliquam augue quam, sollicitudin vitae, consectetuer eget, rutrum at, lorem. Integer tincidunt ante vel ipsum. Praesent blandit lacinia erat. Vestibulum sed magna at nunc commodo placerat.",00:00.0,00:00.0
917,Ariadne,MacBain,581,"Nullam orci pede, venenatis non, sodales sed, tincidunt eu, felis.",00:00.0,00:00.0
921,Tybie,Badby,286,Cras in purus eu magna vulputate luctus.,00:00.0,00:00.0
921,Tybie,Badby,471,Nulla facilisi. Cras non velit nec nisi vulputate nonummy. Maecenas tincidunt lacus at velit. Vivamus vel nulla eget eros elementum pellentesque.,00:00.0,00:00.0
926,Tabina,Bulleyn,317,"Donec ut dolor. Morbi vel lectus in quam fringilla rhoncus. Mauris enim leo, rhoncus sed, vestibulum sit amet, cursus id, turpis. Integer aliquet, massa id lobortis convallis, tortor risus dapibus augue, vel accumsan tellus nisi eu orci. Mauris lacinia sapien quis libero.",00:00.0,00:00.0
931,Pooh,Dugan,227,"Nulla tellus. In sagittis dui vel nisl. Duis ac nibh. Fusce lacus purus, aliquet at, feugiat non, pretium quis, lectus.",00:00.0,00:00.0
934,Gail,Vanyukhin,237,Etiam faucibus cursus urna.,00:00.0,00:00.0
934,Gail,Vanyukhin,562,Phasellus sit amet erat. Nulla tempus.,00:00.0,00:00.0
936,Avrom,Meffin,825,Curabitur convallis. Duis consequat dui nec nisi volutpat eleifend.,00:00.0,00:00.0
937,Diana,Dowbakin,152,"Quisque id justo sit amet sapien dignissim vestibulum. Vestibulum ante ipsum primis in faucibus orci luctus et ultrices posuere cubilia Curae; Nulla dapibus dolor vel est. Donec odio justo, sollicitudin ut, suscipit a, feugiat et, eros. Vestibulum ac est lacinia nisi venenatis tristique. Fusce congue, diam id ornare imperdiet, sapien urna pretium nisl, ut volutpat sapien arcu sed augue.",00:00.0,00:00.0
937,Diana,Dowbakin,873,"Aliquam non mauris. Morbi non lectus. Aliquam sit amet diam in magna bibendum imperdiet. Nullam orci pede, venenatis non, sodales sed, tincidunt eu, felis. Fusce posuere felis sed lacus.",00:00.0,00:00.0
938,Inesita,Baff,81,Sed sagittis.,00:00.0,00:00.0
939,Ursola,Bowmen,673,"Sed sagittis. Nam congue, risus semper porta volutpat, quam pede lobortis ligula, sit amet eleifend pede libero quis orci. Nullam molestie nibh in lectus. Pellentesque at nulla.",00:00.0,00:00.0
941,Arlene,Congrave,372,Vestibulum sed magna at nunc commodo placerat.,00:00.0,00:00.0
944,Thorpe,Harbron,654,Sed ante. Vivamus tortor.,00:00.0,00:00.0
944,Thorpe,Harbron,549,In eleifend quam a odio. In hac habitasse platea dictumst. Maecenas ut massa quis augue luctus tincidunt. Nulla mollis molestie lorem. Quisque ut erat.,00:00.0,00:00.0
946,Jacquenetta,Badrick,898,"Ut at dolor quis odio consequat varius. Integer ac leo. Pellentesque ultrices mattis odio. Donec vitae nisi. Nam ultrices, libero non mattis pulvinar, nulla pede ullamcorper augue, a suscipit nulla elit ac nulla.",00:00.0,00:00.0
947,Loydie,Frere,293,Nulla tempus. Vivamus in felis eu sapien cursus vestibulum. Proin eu mi. Nulla ac enim.,00:00.0,00:00.0
949,Clementius,Campkin,55,"Cras mi pede, malesuada in, imperdiet et, commodo vulputate, justo. In blandit ultrices enim. Lorem ipsum dolor sit amet, consectetuer adipiscing elit. Proin interdum mauris non ligula pellentesque ultrices. Phasellus id sapien in sapien iaculis congue.",00:00.0,00:00.0
949,Clementius,Campkin,424,"Nunc purus. Phasellus in felis. Donec semper sapien a libero. Nam dui. Proin leo odio, porttitor id, consequat in, consequat ut, nulla.",00:00.0,00:00.0
949,Clementius,Campkin,504,In congue. Etiam justo. Etiam pretium iaculis justo.,00:00.0,00:00.0
950,Wenona,Alkin,54,Mauris lacinia sapien quis libero.,00:00.0,00:00.0
951,Ruby,Cosker,179,"Mauris enim leo, rhoncus sed, vestibulum sit amet, cursus id, turpis. Integer aliquet, massa id lobortis convallis, tortor risus dapibus augue, vel accumsan tellus nisi eu orci. Mauris lacinia sapien quis libero. Nullam sit amet turpis elementum ligula vehicula consequat.",00:00.0,00:00.0
952,Keven,Lehr,889,"Suspendisse ornare consequat lectus. In est risus, auctor sed, tristique in, tempus sit amet, sem. Fusce consequat.",00:00.0,00:00.0
953,Gifford,Brettelle,872,Curabitur convallis. Duis consequat dui nec nisi volutpat eleifend. Donec ut dolor.,00:00.0,00:00.0
953,Gifford,Brettelle,683,Phasellus sit amet erat. Nulla tempus. Vivamus in felis eu sapien cursus vestibulum. Proin eu mi.,00:00.0,00:00.0
954,Daryl,Kale,125,Pellentesque viverra pede ac diam. Cras pellentesque volutpat dui.,00:00.0,00:00.0
954,Daryl,Kale,567,Praesent id massa id nisl venenatis lacinia. Aenean sit amet justo.,00:00.0,00:00.0
955,Kylynn,Lyver,977,"Integer ac leo. Pellentesque ultrices mattis odio. Donec vitae nisi. Nam ultrices, libero non mattis pulvinar, nulla pede ullamcorper augue, a suscipit nulla elit ac nulla. Sed vel enim sit amet nunc viverra dapibus.",00:00.0,00:00.0
955,Kylynn,Lyver,758,Integer ac neque. Duis bibendum. Morbi non quam nec dui luctus rutrum. Nulla tellus. In sagittis dui vel nisl.,00:00.0,00:00.0
955,Kylynn,Lyver,155,Proin at turpis a pede posuere nonummy.,00:00.0,00:00.0
957,Phoebe,McKague,753,"In sagittis dui vel nisl. Duis ac nibh. Fusce lacus purus, aliquet at, feugiat non, pretium quis, lectus. Suspendisse potenti.",00:00.0,00:00.0
962,Zeb,Gorini,107,"Nulla ac enim. In tempor, turpis nec euismod scelerisque, quam turpis adipiscing lorem, vitae mattis nibh ligula nec sem.",00:00.0,00:00.0
962,Zeb,Gorini,986,"Morbi vel lectus in quam fringilla rhoncus. Mauris enim leo, rhoncus sed, vestibulum sit amet, cursus id, turpis. Integer aliquet, massa id lobortis convallis, tortor risus dapibus augue, vel accumsan tellus nisi eu orci. Mauris lacinia sapien quis libero.",00:00.0,00:00.0
965,Annis,Han,891,"Nullam orci pede, venenatis non, sodales sed, tincidunt eu, felis. Fusce posuere felis sed lacus. Morbi sem mauris, laoreet ut, rhoncus aliquet, pulvinar sed, nisl. Nunc rhoncus dui vel sem.",00:00.0,00:00.0
966,Byron,Sterman,406,Proin eu mi.,00:00.0,00:00.0
966,Byron,Sterman,315,"Vivamus metus arcu, adipiscing molestie, hendrerit at, vulputate vitae, nisl. Aenean lectus. Pellentesque eget nunc. Donec quis orci eget orci vehicula condimentum. Curabitur in libero ut massa volutpat convallis.",00:00.0,00:00.0
968,Amii,Sidwell,766,"Vivamus vel nulla eget eros elementum pellentesque. Quisque porta volutpat erat. Quisque erat eros, viverra eget, congue eget, semper rutrum, nulla.",00:00.0,00:00.0
969,Alaric,Gregorio,144,"Cum sociis natoque penatibus et magnis dis parturient montes, nascetur ridiculus mus. Etiam vel augue. Vestibulum rutrum rutrum neque. Aenean auctor gravida sem. Praesent id massa id nisl venenatis lacinia.",00:00.0,00:00.0
971,Joy,Battersby,207,"Nulla nisl. Nunc nisl. Duis bibendum, felis sed interdum venenatis, turpis enim blandit mi, in porttitor pede justo eu massa. Donec dapibus.",00:00.0,00:00.0
972,Carin,Dauney,569,Aenean lectus. Pellentesque eget nunc. Donec quis orci eget orci vehicula condimentum. Curabitur in libero ut massa volutpat convallis.,00:00.0,00:00.0
976,Harold,Corton,147,Vestibulum rutrum rutrum neque. Aenean auctor gravida sem. Praesent id massa id nisl venenatis lacinia. Aenean sit amet justo. Morbi ut odio.,00:00.0,00:00.0
980,Terry,Stock,999,Mauris lacinia sapien quis libero. Nullam sit amet turpis elementum ligula vehicula consequat. Morbi a ipsum. Integer a nibh. In quis justo.,00:00.0,00:00.0
981,Rolando,Vogele,978,Etiam faucibus cursus urna. Ut tellus. Nulla ut erat id mauris vulputate elementum. Nullam varius. Nulla facilisi.,00:00.0,00:00.0
982,Amy,McKenney,520,Donec quis orci eget orci vehicula condimentum. Curabitur in libero ut massa volutpat convallis.,00:00.0,00:00.0
983,Derward,Anglim,400,Curabitur convallis. Duis consequat dui nec nisi volutpat eleifend. Donec ut dolor.,00:00.0,00:00.0
983,Derward,Anglim,121,Nulla justo. Aliquam quis turpis eget elit sodales scelerisque.,00:00.0,00:00.0
991,Wenona,Rapley,37,"In est risus, auctor sed, tristique in, tempus sit amet, sem. Fusce consequat.",00:00.0,00:00.0
995,Reggie,Wauchope,714,In eleifend quam a odio. In hac habitasse platea dictumst.,00:00.0,00:00.0
999,Stefania,Inde,655,Vestibulum sed magna at nunc commodo placerat. Praesent blandit. Nam nulla.,00:00.0,00:00.0
